infinitiveform,translation,
abejoti,doubt,
absorbuoti,absorb,
abstrahuoti,abstract,
abuojėti,become angry,
adaptuoti,adapt,
adaptuotis,adapt,
adinėti,darn,
adyti,darn,
administruoti,administer,
adresuoti,address,
aidėti,echo,
aikčioti,sigh,
aiškėti,become clear,
aiškinti,explain,
aiškintis,clarify,
akcentuoti,emphasize,
akėti,harrow,
akinti,dazzle,
akti,overgrow,
aktyvėti,spur,
aktyvinti,make more active,
aktyvuoti,activate,
alkti,hunger,
alpti,faint,
alsinti,fatigue,
amputuoti,amputate,
amsėti,yap,
amžinti,make eternal,
analizuoti,analyse,
aneksuoti,annex,
antspauduoti,seal,
anuliuoti,annul,
apakinti,blind,
apakti,turn blind,
apalpti,pass out,
apauti,put on (a shoe),
apbėgti,run around,
apdengti,cover,
apdėti,put round,
apdoroti,process,
apdovanoti,reward,
apdrausti,insure,
apduiti,fog,
apdumti,trick,
apeiti,go around,
apeliuoti,appeal,
apgailestauti,regret,
apgalvoti,consider,
apgaubti,envelop,
apgaudinėti,cheat,
apgauti,trick,
apgerti,drink around,
apginkluoti,arm,
apginti,defend,
apgyvendinti,populate,
apglėbti,embrace,
apgulti,besiege,
apibėgti,run around,
apibrėžti,define,
apibūdinti,describe,
apieškoti,search,
apimti,include,
apipavidalinti,design,
apipilti,pour over,
apipinti,weave,
apipjaustyti,circumsize,
apiplėšinėti,rob,
apiplėšti,rob,
apjuosti,begird,
apkabinti,hug,
apkakoti,apkakoti,
apkalbėti,slander,
apkalti,upholster,
apkaltinti,accuse,
apkarsti,become bitter,
apkeisti,replace,
apkeliauti,travel around,
apkepinti,broil,
apkerėti,enchant,
apkerpėti,become covered with lichen,
apkęsti,tolerate,
apkirpti,dress hair,
apklausti,survey,
apkloti,blanket,
apkrėsti,infect,
apkursti,become deaf,
apkurtinti,din,
apkvailinti,fool,
apkvaisti,get high,
aplankyti,visit,
apleisti,forsake,
aplenkti,overtake,
aplyti,rain on,
aplopyti,patch up,
aploti,bark on,
apmalšinti,suppress partly,
apmąstyti,consider,
apmauti,fuck up,
apmėtyti,whip,
apmyžti,piss (on something),
apmokėti,pay,
apmokyti,instruct,
apmulkinti,fool,
apmušti,upholster,
apnikti,surround,
apniukti,overcloud,
apraminti,calm,
aprašyti,describe (by writing),
apriboti,limit,
aprobuoti,approve,
aprodyti,show around,
aprūpinti,provide,
apsakyti,tell,
apsalti,grow sweet,
apsaugoti,protect,
apsėsti,obsess,
apsiauti,put on (shoes),
apsibrėžti,define,
apsidairyti,look round,
apsidengti,cover oneself,
apsidžiaugti,cheer up,
apsieiti,dispense (with something),
apsigalvoti,reconsider,
apsigimti,be born deformed,
apsiginti,defend oneself,
apsigyventi,settle in,
apsikabinti,hug each other,
apsikeisti,exchange,
apsikirpti,have a haircut,
apsilaižyti,lick around (usually ones lips),
apsilankyti,visit,
apsileisti,grow careless,
apsimesti,pretend,
apsimeti,pretend,
apsimetinėti,pretend,
apsimokėti,pay off,
apsiniaukti,become gloomy,
apsinuodyti,get poisoned,
apsipirkti,shop,
apsiraminti,calm down,
apsireikšti,manifest,
apsirengti,get dressed,
apsiriboti,confine,
apsirikti,be mistaken,
apsisaugoti,protect oneself,
apsiskaityti,become educated,
apsispręsti,decide,
apsistoti,stay,
apsisukti,turn around,
apsitarti,discuss,
apsitvarkyti,clean up a little bit,
apsivalgyti,eat too much,
apsivemti,vomit,
apsiverkti,burst into tears,
apsiversti,roll over,
apsivesti,marry,
apsivilkti,put on (clothes),
apsivogti,steal,
apsižiūrėti,look around,
apsižliumbti,burst into tears,
apsižodžiuoti,swear at each other,
apsižvalgyti,look around,
apskaičiuoti,calculate,
apskrieti,fly around,
apsnigti,snow over,
apspisti,surround,
apspręsti,decide,
apstatyti,build around,
apstoti,surround,
apstulbinti,surprise,
apstulbti,stupefy,
apsukti,turn (something) around,
apsunkinti,aggravate,
apsupti,surround,
apsvarstyti,consider,
apšaudyti,shoot,
apšvarinti,steal,
apšviesti,enlighten,
aptarinėti,discuss,
aptarnauti,serve,
aptarti,discuss,
aptemdyti,obscure,
aptemti,become dark,
aptikti,spoil,
aptverti,fence,
apvainikuoti,crown,
apvaisinti,impregnate,
apvalyti,purify,
apversti,turn over,
apvesti,walk arround,
apvilkti,clothe,
apvilti,disappoint,
apvynioti,enwind,
apvirsti,overturn,
apvogti,rob,
apžavėti,charm,
apželti,overgrow,
apžiūrėti,examine,
apžlibti,become purblind,
apžvelgti,review,
ardyti,disassemble,
areštuoti,arrest,
artėti,approach,
arti,plough,
artinti,zoom,
artintis,approach,
asimiliuoti,assimilate,
asmenuoti,conjugate,
asocijuoti,associate,
atakuoti,attack,
atarti,plough,
atbėgti,come running,
atburti,sail back,
ateiti,come,
atgabenti,bring,
atgailauti,repent,
atgaivinti,revive,
atgauti,recover,
atgimti,be reborn,
atgyti,come alive,
atgręžti,turn to face,
atgulti,have a nap,
atidaryti,open,
atidėlioti,procrastinate,
atidengti,uncover,
atidėti,delay,
atidirbti,work off,
atiduoti,give away,
atimti,take,
atitaisyti,repair,
atitekti,fall to,
atitikti,match,
atitirpdyti,unfreeze,
atitolinti,stave off,
atitraukti,unzip,
atitrūkti,break away,
atjungti,disconnect (something),
atkalbėti,talk out,
atkalbinėti,discourage,
atkartoti,reproduce,
atkąsti,bite,
atkasti,dig out,
atkelti,put off,
atkeršyti,revenge,
atkimšti,broach,
atkirsti,cut off,
atkreipti,direct,
atkurti,recreate,
atlaikyti,cope,
atlaisvinti,free up,
atleisti,forgive,
atlyginti,compensate,
atlikinėti,perform,
atlikti,perform,
atmerkti,open ones eyes,
atmesti,reject,
atminti,commemorate,
atmušti,refute,
atnarplioti,unravel,
atnaujinti,renew,
atnešti,bring,
atostogauti,be on holidays,
atpalaiduoti,relax,
atpasakoti,retell,
atpažinti,recognize,
atplaukti,arrive by sea or swimming,
atplėšti,tear off,
atrakinti,unlock,
atrasti,discover,
atrašyti,respond (by writing),
atremti,counter,
atriekti,slice off,
atrinkti,select,
atrišti,loose,
atrodyti,seem,
atsakinėti,respond,
atsakyti,respond,
atsėdėti,finish ones prison term,
atsegti,unzip,
atsekti,trace,
atsibosti,get bored,
atsibučiuoti,kiss goodbye,
atsibusti,wake up,
atsidaryti,open,
atsidėkoti,thank,
atsiduoti,indulge,
atsidurti,find oneself,
atsidusti,sigh,
atsieiti,cost,
atsigaivinti,refresh oneself,
atsigauti,recover,
atsigerti,drink,
atsigirdėti,echo,
atsigręžti,turn back,
atsigriebti,get back (at somebody),
atsigulti,lie down,
atsiimti,withdraw,
atsijungti,disconnect,
atsikartoti,repeat,
atsikąsti,bite off,
atsikelti,get up,
atsiklaupti,kneel down,
atsiklausti,ask,
atsikratyti,get rid,
atsikvėpti,relax,
atsilaikyti,resist,
atsiliepti,respond,
atsilyginti,return (a favor or a debt),
atsilikti,lag,
atsimesti,leave the group,
atsiminti,remember,
atsinešti,bring,
atsipalaiduoti,relax,
atsipirkti,pay off,
atsiplėšti,tear off,
atsiprašinėti,ask (repeatedly) for forgiveness,
atsiprašyti,apologize,
atsirasti,appear,
atsiremti,lean,
atsisakyti,decline,
atsisėsti,sit down,
atsisiųsti,download,
atsiskaityti,pay back,
atsiskirti,separate oneself,
atsiskleisti,unroll,
atsislinkti,move (one's body),
atsispindėti,reflect,
atsispirti,resist,
atsistatydinti,retire,
atsistoti,stand up,
atsisukti,turn,
atsisveikinti,bid farewell,
atsišvartuoti,moor,
atsitikti,happen,
atsitraukti,pull back,
atsitrenkti,strike,
atsitūpti,duck,
atsiųsti,send,
atsiveikinti,bid a goodbye,
atsiversti,open (a page),
atsiverti,open up,
atsivesti,bring (somebody),
atsivežti,bring,
atsivilioti,lure,
atsižadėti,forsake,
atsižavėti,stop admiring,
atsižvelgti,take into account,
atskirti,separate,
atskleisti,reveal,
atskristi,fly in,
atskubėti,rush,
atslūgti,flood back,
atspardyti,beat by kicking,
atspausdinti,print,
atspėti,guess,
atspindėti,reflect,
atspirti,kick back,
atstatyti,rebuild,
atstoti,substitute,
atstovauti,represent,
atstumti,repel,
atsukti,unscrew,
atšaldyti,cool,
atšalti,become cold,
atšaukti,cancel,
atšilti,warm up,
atšnekėti,discuss,
atšokti,bounce,
atšvęsti,celebrate,
atvaizduoti,depict,
atvargti,take pains,
atvažiuoti,come (by vehicle),
atversti,open (a book),
atverti,open,
atvesti,bring (somebody),
atvėsti,cool,
atvežti,bring,
atvykti,arrive,
atvilioti,lure,
atžymėti,deselect,
audėti,buzz,
auginti,grow (something),
augti,grow,
auklėti,educate,
aukoti,donate,
aukotis,sacrifice oneself,
auksuoti,gild,
aukštinti,heighten,
austi,weave,
aušti,dawn,
auti,pull (something) off,
autis,put on (shoes),
automatizuoti,automatize,
avėti,wear (shoes),
badauti,be on famine,
badyti,bunt,
baidyti,scare away,
baidytis,take fright,
baigti,finish,
baigtis,end,
baiminti,get scared,
baimintis,fear,
baisėti,turn scarrier,
baisėtis,be scared,
bakstelėti,poke,
balansuoti,balance,
balinti,whiten,
balnoti,saddle,
balsti,become white,
balsuoti,vote,
baltėti,become white,
balti,become white,
baltinti,make white,
baltuoti,show white,
bandyti,try,
banguoti,waive,
bankrutuoti,go bankrupt,
barstyti,sprinkle,
barstytis,scatter,
barškinti,rattle,
barti,scold,
bartis,quarrel,
bauginti,terrify,
bausti,punish,
bėginėti,run to and from,
bėgioti,run around,
bėgti,run,
belsti,knock,
belstis,knock,
bendradarbiauti,cooperate,
bendrauti,communicate,
bepridurti,add,
berti,strew,
besti,point (a finger),
beveikti,annoy,
bezdėti,fart,
bidzenti,trot,
bijoti,fear,
bylinėtis,litigate,
byloti,testify,
birbti,buzz,
byrėti,pour,
birti,crumble,
bjaurėtis,loathe,
bjurti,get ugly,
blankti,sink,
blaškyti,throw around,
blaškytis,wander,
blefuoti,bluff,
blęsti,mix,
blykšti,turn pale,
blizgėti,shine,
blizginti,polish,
blogėti,become worse,
bloginti,worsen,
blogti,weaken,
blokšti,throw,
blokuoti,block,
blukinti,decolorize,
blukti,fade,
bodėti,despise,
boluoti,show white,
bombarduoti,bomb,
braidyti,wade through,
braižyti,draw,
brandinti,mature,
branginti,cherish,
brangti,become more expensive,
braukyti,underline,
braukti,run something over,
brautis,push through,
brazdėti,rustle,
bręsti,mature,
brėžti,draw,
brinkti,bloat,
bristi,wade through,
brukti,press,
brūžinti,grind,
bučiuoti,kiss,
bučiuotis,kiss,
budėti,be on duty,
budinti,wake,
būgštauti,be scared,
bujoti,thrive,
burbėti,mumble,
burbuliuoti,gobble,
buriuoti,sail,
būriuoti,sail,
burti,divine,
busti,wake up,
būti,be,
buvoti,be,
cypauti,creek,
cypti,yelp,
cituoti,cite,
civilizuoti,civilize,
čežėti,twitter,
čežti,wilt,
čiaudėti,sneeze,
čiauškėti,chirp,
čiaužti,slide,
čirpėti,twitter,
čiulbėti,chirp,
čiulpti,suck,
čiuožinėti,skate,
čiuožti,skate,
čiupti,grab,
dabinti,decorate,
dailėti,become nicer,
dainuoti,sing,
dairytis,look around,
dalinti,divide,
dalintis,share,
dalyti,divide,
dalytis,divide,
dalyvauti,participate,
dangstytis,hide behind,
darbuotis,work intensively,
daryti,do,
darytis,make (for oneself),
daugėti,increase in number,
dauginti,multiply,
daugintis,multiply,
daužinėti,smash,
daužyti,beat,
daužti,slam,
davinėti,give (often),
dažyti,dye,
dažytis,paint oneself,
deaktivuoti,deactivate,
debiutuoti,make one's debut,
dedikuoti,dedicate,
deginti,burn,
degintis,tan,
degti,burn,
dejuoti,moan,
deklaruoti,declare,
dekoruoti,decorate,
dėkoti,thank,
dėlioti,put,
delsti,delay,
dėmėti,stain,
demonstruoti,demonstrate,
dengti,cover,
deportuoti,deported,
derėti,fit,
derėtis,negotiate,
dergti,befoul,
derinti,arrange,
derintis,match up,
dėstyti,teach,
dėti,put,
dėtis,occur,
devalvuoti,devaluate,
dėvėti,wear,
dėvėtis,wear,
diagnozuoti,diagnose,
didėti,increase,
didinti,increase,
didžiuotis,be proud,
dienoti,dawn,
dievagotis,swear,
dievinti,adore,
dygti,sprout,
dykinėti,fool around,
diktuoti,dictate,
dilti,wear out,
dingti,disappear,
dirbinėti,potter,
dirbti,work,
dirbtis,go (for work),
direktoriauti,govern,
dirginti,irritate,
dirgti,grow worse,
diriguoti,conduct,
dirstelėti,dart a glance,
dirti,flay,
diskutuoti,discuss,
dobti,beat,
domėtis,be interested,
dominti,interest,
dominuoti,dominate,
doroti,deal (with something),
dorotis,cope,
dovanoti,give as a gift,
dovanotis,give a gift to oneself,
drabstyti,spatter,
dramatizuoti,dramatize,
drąsinti,encourage,
drąskyti,tear,
draskyti,tear to pieces,
draugauti,be friends,
drausti,forbid,
draustis,insure oneself,
drebėti,shiver,
drebinti,quaver,
drėbti,chuck,
drėgti,moisten,
dreifuoti,drift,
drėksti,scratch,
drėkti,moisten,
drybsoti,idle,
dribti,drop,
drįsti,dare,
drovėtis,feel shy,
drožti,sharpen,
drumsti,disturb,
drumstis,gloom,
dubliouti,dub,
dubti,stick,
dūgzti,buzz,
dūkti,disport,
dulkinti,dust,
dulkintis,shag,
dulksnoti,drizzle,
dumti,trick,
dundėti,crash,
duoti,give,
duotis,give to oneself,
durti,stab,
dūsauti,sigh,
dusinti,suffocate,
dusti,suffocate,
dužti,shatter,
dvejoti,hesitate,
dvelkti,whiffle,
dvėsti,croak,
dvigubinti,double,
dvokti,stink,
džiaugtis,be happy,
džiauti,hang up,
džiovinti,dry,
džiūgauti,cheer,
džiuginti,please,
džiūti,dry,
egzistuoti,exist,
eidinėti,walk (often),
eikvoti,waste,
eiliuoti,verse,
eiti,go,
eitis,be going,
eksperimentuoti,experiment,
ekzaminuoti,examine,
ekzistuoti,exist,
elektrifikuoti,electrify,
elgegauti,beg (for money),
elgetauti,beg,
elgtis,behave,
ėmėti,take,
emigruoti,emmigrate,
emuliuoti,emulate,
engti,oppress,
erzinti,tease,
erzintis,get annoyed,
ėsti,devour,
evakuoti,evacuate,
evakuotis,evacuate,
fantazuoti,fantasize,
fermentuotis,ferment,
figūruoti,figure,
filmuoti,film,
filosofuoti,philosophize,
finansuoti,finance,
flirtuoti,flirt,
fokusuoti,focus,
forminti,formalize,
formuoti,form,
formuotis,form,
fotografuoti,photograph,
funkcionuoti,function,
gabenti,transport,
gadinti,spoil,
gagėti,cackle,
gailėti,pity,
gailėtis,regret,
gaišti,waste time,
gaivinti,refresh,
galąsti,sharpen,
galėti,be able,
galioti,be valid,
galvoti,think,
gaminti,make,
gamintis,cook (for oneself),
ganyti,herd,
garantuoti,guarantee,
garbanoti,curl,
garbinti,glorify,
garsėti,become louder,
garuoti,give off steam,
gąsdinti,scare,
gąstauti,be afraid,
gaubti,mantle,
gaudyti,catch,
gausėti,become more abundant,
gauti,get,
gebėti,be able,
gedėti,mourn,
gėdinti,shame,
gėdintis,be ashamed,
gėdyti,shame,
gėdytis,be ashamed,
geibti,weaken,
geisti,desire,
gelbėti,save,
gelsti,turn yellow,
gelsvinti,make yellower,
gelti,sting,
geltonėti,become yellow,
geltoninti,make yellow,
geltonuoti,show yellow,
genėti,trim off,
gerbti,respect,
gerėti,become better,
gėrėtis,admire,
gerinti,improve,
gerintis,improve oneself,
gerti,drink,
gervuogiauti,pick blueberries,
gesinti,put down,
gesti,deteriorate,
gydyti,heal (something),
gydytis,undergo treatment,
giedoti,chant,
giedrėti,clear up,
giedryti,clear up,
giedrytis,clear up,
gilėti,become deeper,
gilinti,deepen,
gilintis,go deep (into some subject),
gilti,sting,
gimdyti,give birth,
giminuotis,become relatives,
gimti,be born,
ginčyti,contest (something),
ginčytis,argue,
ginkluoti,arm,
ginti,protect,
gintis,protect oneself,
girdėti,hear,
girdyti,water,
girgždėti,squeak,
girtauti,carouse,
girti,praise,
girtis,boast,
gyti,heal,
gyventi,live,
gyventis,be lived,
gyvėti,brighten up,
gyvinti,liven up,
gyvuoti,prosper,
gižti,turn sourish,
glamonėti,fondle,
glaudyti,push on,
glausti,clasp,
glaustis,snuggle up,
glaustytis,press oneself to something,
glėbti,embrace,
glerti,dilapidate,
gležti,become weaker,
globoti,foster,
glostyti,caress,
glūdėti,lie,
gnaibyti,pinch,
gnybtelėti,pinch,
gnybti,nip,
gniuždyti,crush,
gniužti,become crushed,
gobtis,cover oneself,
godėti,treat (someone),
grabinėti,paw,
graibyti,grope,
graibytis,grope,
gramdyti,scrape,
grasinti,threaten,
graudenti,turn to tears,
graudentis,bring oneself to tears,
graudinti,turn to tears,
graužti,gnaw,
graužtis,be distressed,
graviruoti,engrave,
gražėti,become nicer,
gražinti,make (something) look nicer,
grąžinti,return (something),
gražintis,preen,
grėbti,rake,
greitinti,speed up,
grėsti,threaten,
gręžti,drill,
griaudėti,roar,
griausti,thunder,
griauti,bring down,
grybauti,hunt mushrooms,
grybštelėti,snap,
griebti,grab,
griebtis,pull oneself together,
grieti,grab,
griežti,play (a violin),
griežtinti,make more strict,
grimti,sink,
grimuoti,make up,
grimzti,plunge,
grįsti,pave,
griūti,fall down,
grizti,start loving,
grįžti,come back,
grobstyti,embezzle,
grobti,kidnap,
groti,play an instrument,
grožėtis,observe the beauty (of someone or something),
grūdinti,harden,
grūmoti,threaten,
grumtis,tussle,
grūsti,cram,
gudrauti,contrive,
gudrėti,become smarter,
guglinti,google,
gugti,bend,
guldyti,lay,
gulėti,lie,
gulti,lie down,
gultis,lie down,
gundyti,tempt,
guosti,comfort,
guostis,console oneself,
gurkšnoti,sip,
gūžtis,squirm,
gverti,wear of,
gvildenti,discuss,
hipnotizuoti,hipnotise,
identifikuoti,identify,
ieškoti,search,
ignoruoti,ignore,
ilgėti,lengthen,
ilgėtis,miss (somebody),
ilsėti,rest,
ilsėtis,take a rest,
ilsinti,rest,
imigruoti,immigrate,
imituoti,imitate,
imponuoti,impress,
importuoti,import,
improvizuoti,improvise,
imti,take,
imtis,take up,
infekuoti,infect,
informuoti,inform,
inkšti,yelp,
inspiruoti,inspire,
integruoti,integrate,
integruotis,get integrated,
interpretuoti,interpret,
investuoti,invest,
irkluoti,paddle,
irti,disintegrate,
irtis,row,
issigąsti,be frightened,
isšikeroti,spread out,
išaiškėti,become clear,
išaiškinti,explain,
išardyti,dismantle,
išauginti,grow,
išaugti,grow out,
išauklėti,educate,
išaukštinti,exalt,
išbandyti,try out,
išbėgti,run out,
išberti,break out,
išbirti,crumble,
išblukinti,fade,
išblukti,discolor,
išbraukti,strike out,
išdalinti,give out,
išdalyti,distribute,
išdavinėti,extradite,
išdėlioti,lay out,
išdėstyti,state,
išdygti,shoot up,
išdykauti,act naughty,
išdirbti,work out,
išdrįsti,dare,
išdrožti,engrave,
išdulkinti,fuck,
išduoti,give (something) in,
išdurti,trick,
išdžiovinti,dry,
išdžiūti,dry,
išeikvoti,waste out,
išeiti,leave,
išgabenti,carry out,
išgalėti,afford,
išgalvoti,fabricate,
išgarsėti,become famous,
išgaruoti,evaporate,
išgąsdinti,scare,
išgauti,produce,
išgeibti,weaken,
išgelbėti,save,
išgerti,drink,
išgydyti,cure,
išgirsti,hear,
išgirti,exalt,
išgyti,heal,
išgyventi,survive,
išgręžti,drill,
išgryninti,purify,
išgrįsti,pave,
išgulėti,lie,
išgvildenti,thrash out,
išimti,take out,
iširti,break up,
išjoti,ride out,
išjudinti,move,
išjungti,turn off,
išjuokti,mock,
iškasti,excavate,
iškeikti,reprimand,
iškeisti,exchange,
iškeliauti,leave,
iškelti,raise,
iškentėti,suffer through,
iškepti,bake,
iškęsti,endure,
iškilti,raise up,
iškirpti,cut out,
iškirsti,cut down,
iškišti,put out,
išklausyti,listen,
iškoduoti,decode,
iškovoti,gain (through fighting),
iškrapštyti,pluck out,
iškrauti,unload,
iškristi,fall out,
iškvėpti,exhale,
iškviesti,call up,
išlaidauti,enter into expenditure,
išlaidyti,let everybody go (somewhere),
išlaikyti,support,
išlaipinti,disembark,
išlaisvinti,set free,
išlaukti,wait out,
išlaužti,break,
išleisti,spend (money),
išlenkti,curve,
išlepinti,spoil,
išlydėti,send off,
išlydyti,melt,
išlieti,spill,
išlyginti,smooth,
išlikti,survive,
išlipti,step out,
išlysti,bulge,
išlįsti,come out,
išlošti,win,
išlupti,pull out,
išmaldauti,beg,
išmanyti,have a good grasp (of something),
išmąstyti,think of,
išmėginti,try,
išmesti,throw away,
išmėtyti,scatter,
išminuoti,clear of mines,
išmokėti,pay out,
išmokinti,teach,
išmokyti,teach,
išmokti,learn,
išmušti,dislodge,
išnagrinėti,analyze,
išnaikinti,eradicate,
išnarinti,rick,
išnarplioti,unravel,
išnaudoti,abuse,
išnešti,take away,
išnykti,disappear,
išnuomoti,let (an apartment),
išnuomuoti,rent out,
išpakuoti,unpack,
išparduoti,sell out,
išpažinti,confess,
išperėti,hatch,
išpešti,pick out,
išpildyti,fulfill,
išpilstyti,pour away,
išpilti,spill,
išpirkinėti,keep buying back,
išpirkti,buy out,
išpjauti,cut out,
išplatinti,disseminate,
išplėsti,expand,
išplisti,spread,
išpranašauti,foretell,
išprievartauti,rape,
išprotėti,go crazy,
išprovokuoti,provoke,
išprusti,become educated,
išpurenti,hoe,
išpurti,fuzz,
išpurtyti,shake out,
išpurvinti,dirty,
išraižyti,etch,
išrasti,invent,
išrašyti,write out,
išrausti,dig up,
išrauti,root out,
išreikšti,express,
išrengti,undress,
išretėti,become scarce,
išrėžti,cut out,
išrinkti,pick,
išryškėti,become clearer,
išryškinti,brighten,
išrišti,untie,
išrodyti,show,
išsakyti,say,
išsaugoti,preserve,
išsekinti,drain,
išsekti,run out,
išsiaiškinti,find out,
išsidėstyti,deploy,
išsigalvoti,makė up,
išsigąsti,get scared,
išsigelbėti,save oneself,
išsigimti,be born defected,
išsiilgti,miss,
išsijungti,turn off,
išsikalbėti,talk thing,
išsikapstyti,get out,
išsikelti,move out,
išsikepti,bake,
išsikrapštyti,get out,
išsikraustyti,move out,
išsikviesti,call up (a service),
išsilaikyti,hold out,
išsilaipinti,deplane,
išsilaisvinti,become free,
išsilavinti,get educated,
išsimaudyti,get a shower,
išsimiegoti,sleep off,
išsinerti,lay oneself out,
išsinešdinti,get out,
išsinešti,take away,
išsinuomoti,rent,
išsinuomuoti,rent,
išsipasakoti,tell one's story,
išsipildyti,come true,
išsipirkti,redeem oneself,
išsiplėsti,expand oneself,
išsiprausti,wash oneself,
išsireikšti,express oneself,
išsirengti,undress,
išsirinkti,choose,
išsirūpinti,obtain,
išsiskirstyti,disperse,
išsiskirti,divorce,
išsisklaidyti,disperse,
išsiskleisti,unfold,
išsispręsti,solve itself,
išsisukti,evade,
išsišnypšti,blow (ones nose),
išsitempti,overreach,
išsitepti,smudge,
išsitiesti,uncoil,
išsitraukti,pull out,
išsitrinti,rub off,
išsiuntinėti,send out,
išsiurbti,suck up,
išsiųsti,dispatch,
išsivaduoti,get rid of,
išsivalyti,clean,
išsivelti,smudge,
išsiversti,manage without,
išsiveržti,escape,
išsiviepti,pull a wry face,
išsivirti,boil (for oneself),
išsivystyti,develop,
išskaičiuoti,count out,
išskaidyti,divide up,
išskaityti,deduct (by reading),
išskalbti,launder,
išskėsti,spread,
išskirti,except,
išskleisti,expand,
išskolinti,lend away,
išskristi,fly out,
išspausdinti,print,
išspausti,squeeze out,
išspresti,solve,
išspręsti,solve,
išsprogdinti,blow up,
išsprūsti,slip,
išstudijuoti,study,
išstumti,displace,
iššaukti,evoke,
iššauti,shoot,
iššifruoti,decypher,
iššluoti,sweep,
iššokti,jump out,
iššvaistyti,waste,
ištaisyti,fix,
ištapyti,paint,
ištarti,pronounce,
ištaškyti,splash,
išteinti,acquit,
išteisinti,acquit,
ištekėti,wed (for a woman),
ištekinti,wed,
ištempti,stretch,
ištepti,smear,
ištesėti,fulfill (a promiss),
ištiesinti,straighten,
ištiesti,extend,
ištikrinti,check through,
ištirpti,melt,
ištirti,research,
ištmepti,stretch,
ištraukti,pull out,
ištremti,exile,
ištrinti,delete,
ištrūkti,escape,
ištuštinti,empty,
ištverti,suffer through,
ištvirkti,become pervert,
išvadinti,call names,
išvaduoti,free,
išvagoti,plough,
išvaišinti,treat until it runs out,
išvalyti,clean,
išvardinti,name,
išvardyti,enumerate,
išvarginti,tire out,
išvaryti,expel,
išvaškuoti,wax,
išvažiuoti,go away (by vehicle),
išvengti,avoid,
išverkti,cry out,
išversti,translate,
išverti,thread out,
išvesti,walk (somebody) out,
išvežti,remove (by vehicle),
išvykti,depart,
išvilioti,swindle,
išvynioti,roll out,
išvirsti,tip out,
išvirti,boil,
išvysti,see,
išvystyti,develop (something),
išvyti,expel,
išvogti,steal off,
išžudyti,exterminate,
izoliuoti,isolate,
įbauginti,terrify,
įberti,pour in,
įbrėžti,inscribe,
įdarbinti,employ,
įdegti,tan,
įdėti,put in,
įdirbti,cultivate,
įdubti,dent,
įdukrinti,adopt (a daughter),
įduoti,inform on,
įeiti,enter,
įelektrinti,electrify,
įgalinti,enable,
įgalioti,authorize,
įgauti,acquire,
įgelti,sting,
įgyti,obtain,
įgyvendinti,realize,
įgrimzti,plunge,
įgrįsti,become fed up,
įgristi,bore,
įjaudinti,excite,
įjungti,turn on,
įkainoti,price,
įkalbėti,talk in,
įkalbinėti,try to convince,
įkalinti,imprison,
įkalti,hammer,
įkąsti,bite,
įkaušti,get mildly drunk,
įkelti,load,
įkyrėti,be a nuisance,
įkišti,plug,
įklimpti,be bogged down,
įkomponuoti,incorporate,
įkopti,climb up,
įkrauti,charge,
įkūnyti,embody,
įkurti,establish,
įkvaišti,become intoxicated,
įkvėpti,inspire,
įleisti,inject,
įlipti,step in,
įlįsti,creep in,
įmanyti,imagine,
įmesti,throw in,
įmigti,fall asleep,
įmontuoti,install,
įmūryti,brick in,
įnešti,bring in,
įpainioti,implicate,
įpakuoti,pack,
įpareigoti,bind,
įpilti,pour,
įprasminti,give meaning,
įprasti,get used,
įpratinti,accustom (somebody),
įrašinėti,record,
įrašyti,enscribe,
įrengti,install,
įrėžti,scratch,
įrodinėti,attempt to prove,
įrodyti,prove,
įsakinėti,command,
įsakyti,order,
įsėsti,sit (into something),
įsibrauti,intrude,
įsidėmėti,note,
įsidrąsinti,summon up courage,
įsigalėti,take root,
įsigilinti,go deep (into something),
įsigyti,acquire,
įsijausti,empathize,
įsijungti,turn (itself) on,
įsikalti,hammer in,
įsikarščiuoti,get excited,
įsikelti,move in,
įsikišti,interfere,
įsiklausyti,listen attentively,
įsikūnyti,be embodied,
įsikurti,settle in,
įsilaužti,break in,
įsileisti,let in,
įsilieti,join,
įsimylėti,fall in love,
įsiminti,memorise,
įsinešti,carry in,
įsipainioti,get involved,
įsipareigoti,commit,
įsipjauti,cut into oneself,
įsirašyti,subscribe,
įsirengti,install,
įsirėžti,engrave,
įsisąmoninti,realize,
įsisavinti,internalize,
įsiskverbti,penetrate,
įsismaginti,make merry,
įsispoksoti,stare,
įsiteikti,curry favor,
įsiterpti,interfere,
įsitikinti,make sure,
įsitraukti,engage,
įsitrenkti,crash,
įsitvirtinti,get entrenched,
įsiurbti,suck in,
įsiūti,sew in,
įsivaizduoti,imagine,
įsivelti,get involved,
įsiveržti,storm in,
įsiviešpatauti,set in,
įsižeidinėti,get offended (often),
įsižeisti,get offended,
įsižiūrėti,observe closely,
įskaičiuoti,count in,
įskaityti,include,
įskaudinti,harm,
įskiepyti,inculcate,
įskųsti,tell (somebody) in,
įslinkti,creep in,
įsliuogti,climb up,
įsmigti,stick into something,
įsmylėti,fall in love,
įspėti,alert,
įspirti,kick,
įsprausti,cram in,
įstatyti,insert,
įsteigti,found,
įstengti,manage,
įstoti,get in (a college),
įsukti,screw in,
įsūnyti,adopt (a son),
įšaldyti,freeze in,
įšvirkšti,inject,
įtaisyti,install,
įtakoti,influence,
įtarti,suspect,
įteigti,suggest,
įteikti,present,
įtempti,stretch,
įterpti,insert,
įtikėti,come to believe,
įtikinėti,assure,
įtikinti,convince,
įtikti,please,
įtraukti,include,
įtrinti,rub in,
įtrūkti,crack,
įtūžti,become enraged,
įtvirtinti,consolidate,
įvaikinti,adopt,
įvairuoti,vary,
įvardinti,name,
įvardyti,name,
įvažiuoti,drive in,
įveikti,beat,
įverti,put through,
įvertinti,rate,
įvesti,enter,
įvežti,import,
įvykdyti,perform,
įvykti,happen,
įvynioti,wrap,
įžaisti,put into play,
įžeidinėti,insult,
įžeisti,offend,
įžengti,step in,
įžiebti,spark,
įžiūrėti,discern,
įžvelgti,perceive,
jaudinti,agitate,
jaudintis,be nervous,
jaukinti,tame,
jaukti,mess,
jauktis,become cluttered,
jausti,feel,
jaustis,feel,
jodinėti,ride (a horse),
joti,ride (an animal),
judėti,move,
judinti,move (something),
jungti,connect,
jungtis,fuse,
juodėti,become black,
juodinti,make black,
juoduoti,show black,
juokauti,be kidding,
juokinti,make (somebody) laugh,
juoktis,laugh,
justi,feel,
kabėti,hang,
kabinti,hang,
kaboti,hang,
kainuoti,cost,
kaisti,heat up,
kaišioti,poke,
kaitinti,warm (something) up,
kaitintis,sunbathe,
kakoti,poop,
kalbėti,speak,
kalbėtis,converse,
kalbinti,try to engage in a conversation,
kaldinti,forge,
kalėti,be enprisoned,
kalti,nail,
kaltinti,blame,
kamšyti,stuff,
kamuoti,torture,
kamuotis,languish,
kandidatuoti,be a candite,
kandžioti,bite,
kankinti,torture,
kankintis,torture oneself,
kapituliuoti,capitulate,
kapoti,chop,
kapsėti,drip,
kapstyti,scratch,
kariauti,be at war,
karpyti,cut,
karsti,become bitter,
karstytis,climb,
karščiuoti,be feverish,
karščiuotis,get excited,
karšinti,take care,
karšti,tousle,
karti,hag,
kartoti,repeat,
kartotis,repeat oneself,
karūnuoti,crown,
kasinėti,excavate,
kasyti,scratch,
kasytis,scratch oneself,
kąsti,bite,
kasti,dig,
kastis,dig,
kaukti,howl,
kaulėti,ossify,
kaupti,collect,
kauptis,accumulate,
kaustyti,enchain,
kauti,fight,
kautis,battle,
kavoti,hide,
kedenti,tousle,
keiksnoti,swear,
keikti,swear,
keiktis,swear,
keisti,change,
keistis,change,
keliauti,travel,
kelti,lift,
keltis,rise,
kenkti,harm,
kentėti,suffer,
kepinti,toast,
kepti,bake,
keptis,bake (for oneself),
kerėti,spell,
kergti,couple,
kerpėti,become covered with lichen,
keršyti,avenge,
kerštauti,avenge,
kerti,come off,
kęsti,endure,
kėsti,expand,
ketinti,intend,
keturgubinti,quadruple,
kežti,become weaker,
kibirkščiuoti,sparkle,
kibti,hang on,
kikenti,giggle,
kylėti,lift up,
kilnėti,sublimate,
kilnoti,lift,
kilstelėti,raise,
kilti,rise,
kimšti,cram,
kimštis,get crammed,
kinkyti,harness,
kirbėti,swarm,
kirbti,sour,
kirčiuoti,stress,
kirdyti,wake,
kirkinti,tease,
kirmyti,become wormy,
kirpti,cut (with scissors),
kirptis,cut ones hair,
kirsti,cut,
kirstis,intersect,
kiršinti,instigate,
kisti,change,
kiškiakopūsteliauti,pick wood sorrels,
kyšoti,protrude,
kišti,thrust,
kištis,interfere,
kiurdyti,hole,
klaidinti,confuse,
klaidžioti,wander,
klajoti,wander,
klastoti,falsify,
klaupti,kneel,
klauptis,kneel,
klausinėti,ask often,
klausyti,listen,
klausytis,listen,
klausti,ask,
klerti,dilapidate,
klestėti,prosper,
kliautis,rely,
klibinti,patter on,
kliedėti,ramble,
klijuoti,glue,
klykti,scream,
klimpti,be bogged down,
klysti,be wrong,
kliudyti,hinder,
kliustelėti,splash,
kliūti,snag,
klostytis,evolve,
kloti,lay,
klotis,luck,
klūpėti,kneel,
klūpoti,kneel,
knarkti,snore,
knežinti,crush,
knežti,become dashed to pieces,
kniaukti,howl,
knibždėti,swarm,
knisti,root,
knistis,delve,
kniūbčioti,stagger,
koduoti,code,
kolaboruoti,collaborate,
kolekcionuoti,collect,
kolonizuoti,colonize,
kombinuoti,combine,
komentuoti,comment,
kompensuoti,compensate,
kompiuterizuoti,computerize,
komponuoti,compose,
komunikuoti,communicate,
koncentruoti,concentrate (something),
koncertuoti,gig,
konfiskuoti,confiscate,
konkuruoti,compete,
konstruoti,construct,
konsultuoti,consult (somebody),
konsultuotis,consult (with somebody),
kontempliuoti,contemplate,
kontroliuoti,control,
konvertuoti,convert,
koordinuoti,coordinate,
kopijuoti,copy,
kopti,climb,
koreguoti,adjust,
korumpuoti,corrupt,
kosėti,cough,
košti,filter,
kovoti,fight,
kraipyti,wiggle,
kramsnoti,nibble,
kramtyti,chew,
kranksėti,caw,
krapštyti,peck,
kratyti,shake,
kratytis,jolt,
kraujuoti,bleed,
kraustyti,move out,
kraustytis,move,
krauti,load,
krautis,load,
kreipti,direct,
kreiptis,address,
krėsti,shake down,
krešti,clot,
krieti,straighten,
krikdyti,throw into disarray,
krykštauti,exult,
krikštyti,baptize,
krikti,break up,
krimsti,chomp,
krypti,polarize,
krypuoti,waddle,
kristi,fall,
kritikuoti,criticize,
kryžiuoti,crucify,
krūptelėti,flinch,
krustelėti,stir,
krušti,fuck,
krutėti,move,
krutinti,jiggle,
krutintis,move,
kuisti,rummage,
kulti,thrash,
kuopti,clear out,
kuprintis,hunch,
kūprintis,hunch,
kūrenti,burn,
kursuoti,run frequently,
kurti,create,
kušti,move,
kutenti,tickle,
kuždėti,whisper,
kvailinti,fool,
kvailioti,fool around,
kvalifikuoti,qualify,
kvatoti,guffaw,
kvatotis,laugh,
kvepėti,smell,
kvėpinti,perfume,
kvėpuoti,breath,
kviesti,invite,
kviestis,invite,
labinti,gree,
laidyti,let something (often),
laidoti,bury,
laiduoti,guarantee,
laikinti,like (on Facebook),
laikyti,hold,
laikytis,abide,
laimėti,win,
laiminti,bless,
laipinti,disembark,
laipioti,climb,
laistyti,water,
laisvėti,become free,
laisvinti,free up,
laižyti,lick,
laižytis,lick one's lips,
lakioti,run around,
lakstyti,run about,
lamdyti,rumple,
landžioti,snoop,
lankyti,attend,
lankytis,visit,
lankstyti,fold,
lanktytis,visit,
lapatuoti,run in jumps,
lašėti,drip,
lašnoti,drizzle,
laukti,wait,
lauktis,be pregnant,
laužyti,break,
laužti,break,
lavinti,educate (something),
lavintis,educate,
lažintis,wager,
leisti,let,
leistis,land,
lekioti,fly around,
lėkti,rush,
lemti,predetermine,
lengvėti,experience relief,
lengvinti,facilitate,
lenkti,bend,
lenktyniauti,race,
lenktis,bend down,
lepinti,spoil,
lepintis,indulge,
leptelėti,slip,
lepti,lop,
lesinėti,peck,
lesinti,feed (birds),
lesti,peck,
lėtinti,slow down,
liaupsinti,praise,
liautis,stop,
lydėti,lead,
lydyti,melt,
lydytis,melt,
liepsnoti,blaze,
liepti,command,
liesti,touch,
lieti,pour,
lietuvinti,lithuanify,
liežuvauti,gossip,
lyginti,compare,
lignuoti,rock,
likti,remain,
likviduoti,liquidate,
lindėti,keep in hiding,
linguoti,rock,
linkčioti,nod,
linkėti,wish,
linksėti,nod,
linksmėti,brighten up,
linksminti,entertain,
linksmintis,have fun,
linksniuoti,decline,
linktelėti,nod,
linkti,bend,
lynoti,drizzle,
lipdyti,mold,
lipti,climb,
lįsti,get into,
lytėti,touch,
lyti,rain,
liūdėti,be sad,
liūdinti,sadden,
liudyti,witness,
lyžtelėti,lick,
lopyti,patch up,
lošti,gamble,
loti,bark,
lukterėti,wait a bit,
luošinti,maim,
lupti,peel,
lūžti,break,
maigyti,crumple,
mainyti,trade,
maišyti,mix,
maištauti,rebel,
maitinti,feed,
maitintis,eat,
maivytis,pose,
maldauti,beg,
maldyti,calm,
malonėti,deign,
malšinti,suppress,
malti,grind,
manipuliuoti,manipulate,
manyti,think,
mankštinti,train,
mankštintis,work out,
marginti,paint eggs for Easter,
marguliuoti,shimmer,
marguoti,be variegated,
marinti,mortify,
marinuoti,marinate,
masažuoti,massage,
mąsyti,think,
maskatuoti,wave,
mąstyti,think,
masturbuotis,masturbate,
matyti,see,
matytis,be visible,
matuoti,measure,
matuotis,measure,
maudyti,bathe,
maudytis,take a bath,
mauti,take off,
mautis,pull on,
mazgoti,wash,
mažėti,shrink,
mažinti,decrease,
medituoti,meditate,
medžioti,hunt,
mėgautis,enjoy,
mėgdžioti,mimic,
mėginti,try,
mėgti,like,
megzti,knit,
megztis,knit,
meilikauti,flatter,
meilintis,fawn,
mėlynėti,become blue,
mėlyninti,make blue,
mėlynuoti,show blue,
melsti,beg,
melstis,pray,
melsvinti,make bluer,
meluoti,lie,
melžti,milk,
menkėti,shrink,
menkinti,derogate,
merkti,soak,
mesti,throw,
meškerioti,fish,
mėtyti,throw,
mezgti,knit,
mėžti,manure,
miaukti,meow,
miegoti,sleep,
miešti,mix,
migdyti,put to sleep,
migti,fall asleep,
mikčioti,stutter,
mykti,mumble,
mylėti,love,
mylėtis,make love,
myluoti,caress,
myluotis,snog,
mindyti,trample down,
minėti,mention,
minkyti,knead,
minti,pedal,
mintyti,contemplate,
mirgėti,flicker,
mirguliuoti,flicker,
mirkčioti,blink,
mirksėti,wink,
mirktelėti,wink,
mirkti,soak,
mirti,die,
misti,feed (on something),
myžti,piss,
modifikuoti,modify,
mojuoti,wave,
mokėti,know,
mokinti,teach,
mokintis,learn,
mokyti,teach,
mokytis,learn,
mokytojauti,teach,
montuoti,mount,
mosikuoti,wave,
mosuoti,wave,
moti,wave,
motyvuoti,motivate,
mūkti,moo,
mūryti,brick,
murkti,purr,
murmėti,mutter,
mušinėti,bounce,
mušti,beat,
muštis,fight,
mutuoti,mutate,
muturiuoti,roll,
mūvėti,wear (footwear),
nagrinėti,analyze,
naikinti,destroy,
nakvoti,stay overnight,
nardyti,dive,
narplioti,unravel,
narstyti,disentangle,
naršyti,browse,
naudoti,use,
naudotis,use,
naujinti,renew,
neabejoti,no doubt,
neapkęsti,hate,
nebepasikiškiakopūsteliauti,not pick wood sorrels anymore,
nebeprisikiškiakopūsteliauti,not pick wood sorrels anymore,
neigti,deny,
nekantrauti,be impatient,
nekęsti,hate,
nenuvilti,disappoint,
nepaisyti,ignore,
neraminti,concern,
nerimauti,worry,
neršti,spawn,
nerti,dive,
nertis,lay oneself out,
nervinti,annoy,
nervintis,be nervous,
nešdintis,clear off,
nėšėti,carry for a bit,
nešioti,carry,
nešiotis,carry,
nešiotis,carry,
nešti,carry,
neštis,bring,
netekti,lose,
neužmigti,stay awake,
niekinti,despise,
niežėti,itch,
nykti,disappear,
niokti,clutter,
niršti,rage,
niūniuoti,hum,
nokti,ripen,
nominuoti,nominate,
norėti,want,
norėtis,want,
nuaidėti,echo,
nualpti,faint,
nuauti,take off (a shoe),
nubausti,punish,
nubėgti,run off,
nubildėti,drive down,
nublokšti,push,
nubraižyti,plot,
nubraukti,strike out,
nubrozdinti,scratch,
nubusti,wake up,
nudažyti,paint,
nudeginti,burn off,
nudėti,kill,
nudilti,wear out,
nudirbti,complete (a task),
nudobti,kill,
nudribti,tumble,
nudvėsti,die (for animals),
nudžiuginti,gladden,
nudžiugti,rejoice,
nudžiūti,dry,
nueiti,go away,
nufilmuoti,film,
nufotografuoti,take a picture,
nugabenti,transport,
nugalabyti,kill,
nugalėti,overcome,
nuginkluoti,disarm,
nugirdyti,cause somebody to get drunk,
nugirsti,overhear,
nugyventi,live,
nugriauti,demolish,
nugrimuoti,make up,
nugrimzti,sink,
nugriūti,collapse,
nuimti,take away,
nujausti,anticipate,
nukainoti,reduce the price of something,
nukakti,get (to some place),
nukariauti,conquer,
nukauti,defeat,
nukeliauti,travel,
nukelti,move,
nukenksminti,remove harm,
nukentėti,be harmed,
nukepti,shoot (somebody),
nukirpti,cut off,
nukirsti,chop off,
nuklysti,stray,
nukraujuoti,bleed to death,
nukreipti,direct,
nukrypti,deviate,
nukristi,fall,
nukryžiuoti,crucify,
nulaužti,hack,
nuleisti,lower,
nulemti,determine,
nulinkti,decline,
nulipti,dismount,
nuliūdinti,upset,
nulupti,peel off,
nulūžti,snap off,
numaldyti,calm,
numalšinti,suppress,
numanyti,have an idea,
numarinti,cause to die,
numatyti,foresee,
numazgoti,clean,
numegzti,knit up,
numesti,drop,
numigti,kip,
numirti,die,
numušti,knock off,
nunešti,carry away,
nunuodyti,poison,
nuobodžiauti,be bored,
nuodyti,poison,
nuogąstauti,fear,
nuomoti,let (an apartment),
nuomotis,rent,
nuomuoti,rent out,
nupasakoti,recount,
nupaišyti,sketch,
nupiešti,draw,
nupirkti,buy,
nupjauti,cut,
nuplasnoti,flap away,
nuplaukti,sail away,
nuplauti,rinse,
nuplėšti,rip off,
nuplukdyti,transport by shipping,
nuprausti,wash,
nupūsti,blow off,
nuraminti,soothe,
nurankioti,pick off,
nurengti,undress,
nurimti,calm down,
nuryti,swallow,
nurodinėti,order around,
nurodyti,command,
nurungti,beat,
nusakyti,describe,
nusamdyti,hire,
nusausinti,drain,
nusavinti,expropriate,
nusėsti,settle,
nusiaubti,storm (a place),
nusibosti,become boring,
nusibrozdinti,scratch oneself,
nusičiaudėti,sneeze,
nusidėti,sin,
nusigąsti,get scared,
nusigauti,get (to some place),
nusigerti,get drunk,
nusiginkluoti,disarm oneself,
nusigrimuoti,make up,
nusiimti,take off,
nusiirti,oar,
nusijuokti,laugh,
nusikalsti,commit a crime,
nusikikenti,giggle,
nusikirpti,have one's hair cut,
nusikrauti,take (something) off oneself,
nusikvatoti,guffaw,
nusilaužti,break,
nusileisti,land,
nusilenkti,bow,
nusilupti,peel off,
nusimanyti,be knowledgeable,
nusimauti,take off,
nusiminti,become sad,
nusimyžti,piss,
nusinešti,take it,
nusipelnyti,deserve,
nusipirkti,purchase,
nusipjauti,amputate (one's own something),
nusiplauti,Wash,
nusiplikyti,scald,
nusiprausti,wash,
nusiraminti,calm down,
nusirašinėti,crib,
nusirašyti,cheat (in an exam),
nusirengti,get undressed,
nusiristi,roll down,
nusisekti,turn out well,
nusiskinti,reap,
nusispjauti,spit,
nusistebėti,be atsonished,
nusisukti,turn away,
nusišauti,shoot oneself,
nusišikti,shit,
nusišypsoti,smile,
nusišlapinti,urinate,
nusišnypšti,blow (ones nose),
nusitaikyti,aim,
nusiteikti,be disposed,
nusitempti,drag,
nusiųsti,send,
nusivesti,take (somebody somewhere),
nusivilkti,take off,
nusivilti,get disappointed,
nusižudyti,commit a suicide,
nuskambėti,sound,
nuskandinti,sink,
nuskęsti,sink,
nuskriausti,hurt,
nuskristi,fly away,
nuslėpti,hide,
nuslysti,slip,
nuslopinti,suppress,
nusnausti,take a nap,
nusnūsti,take a nap,
nuspausti,press,
nuspėti,guess,
nuspręsti,decide,
nustatyti,set,
nustebinti,surprise,
nustebti,be surprised,
nustekenti,nustekenti,
nustygti,keep still,
nustoti,stop,
nustumti,shunt,
nusukti,rook,
nusunkti,strain off,
nusviesti,toss,
nusvirti,decline,
nušauti,shoot,
nuščiūti,die away,
nušluoti,brush off,
nušokti,jump,
nušuoliuoti,skip,
nušviesti,enlighten,
nušvisti,shine,
nutaikyti,aim,
nutarti,decide,
nuteikti,turn against,
nuteisti,convict,
nutekėti,leak,
nutiesti,build,
nutikti,happen,
nutildyti,silence,
nutylėti,be silent (about something),
nutilti,turn quiet,
nutirpti,melt away,
nutolti,digress,
nutraukti,cease,
nutrinti,scratch,
nutrūkti,break,
nutuokti,comprehend,
nutūpti,land,
nutverti,grab,
nuvalyti,clean,
nuvarginti,strain,
nuvaryti,overdrive,
nuvažiuoti,drive,
nuveikti,do,
nuversti,overthrow,
nuvertinti,devalue,
nuvesti,lead away,
nuvežti,drive,
nuvikti,take off,
nuvykti,travel,
nuvilkti,take off,
nuvilnyti,wave,
nuvilti,disappoint,
nuvirti,boil off,
nuvysti,fade,
nuvyti,chase away,
nužengti,step down,
nužygiuoti,march,
nužudyti,kill,
obliuoti,plane,
obuoliauti,pick apples,
okupuoti,occupy,
operuoti,operate,
organizuoti,organize,
orientuoti,orientate,
ošti,rustle,
ožiuotis,act capricious,
paaiškėti,turn out,
paaiškinti,explain,
paaugti,edge up,
paaukoti,sacrifice,
paaukštinti,promote (somebody),
pabaigti,finish,
pabandyti,try,
pabėgioti,jog,
pabėgti,escape,
pabelsti,knock,
pabendradarbiauti,cooperate a bit,
pabendrauti,socialize,
pablogėti,deteriorate,
pabraižyti,scratch,
pabrangti,grow in price,
pabraukti,underline,
pabrėžti,underline,
pabučiuoti,kiss,
pabudinti,wake,
pabūgti,get scared,
pabusti,wake up,
pabūti,stay (for some time),
pačiulbėti,chirp,
pačiulpti,suck,
pačiuožinėti,skate,
pačiupinėti,touch,
padainuoti,sing,
padalinti,divide,
padalyti,divide,
padaryti,do,
padaugėti,increase (in quantity),
padauginti,multiply,
padažyti,touch up,
padegti,set on fire,
padeklamuoti,recite,
padėkoti,thank,
padengti,cover,
padėti,help,
padidėti,increase,
padidinti,increase,
padirbėti,job,
padirbti,forge (a document),
padovanoti,present,
padrąsinti,encourage,
paduoti,pass (something),
padvėsti,croak,
padvigubinti,double,
paeiti,walk,
paėsti,eat (like an animal),
pagadinti,mess up,
pagalvoti,consider,
pagaminti,manufacture,
pagarsėti,become famous,
pagąsdinti,scare,
pagauti,catch,
pageidauti,desire,
pagelbėti,help,
pagerbti,honor,
pagerėti,improve,
pagerinti,improve,
pagerti,have a drink,
pagesti,get ruined,
pagydyti,heal,
pagilinti,deepen,
pagimdyti,give birth,
pagirti,praise,
pagyventi,live,
pagyvėti,brighten up,
paglostyti,caress,
pagraužti,gnaw,
pagreinti,speed up,
pagreitinti,speed up,
pagriebti,snap,
pagrįsti,base,
pagrobti,kidnap,
pagroti,play,
paguldyti,lay,
pagulėti,lie,
paguosti,comfort,
paieškoti,search,
pailsėti,rest,
pailsinti,rest,
paimti,take,
painformuoti,inform,
painioti,confuse,
painiotis,be confused,
paisyti,mind,
paišyti,draw,
pajausti,feel,
pajėgti,manage,
pajudėti,move,
pajudinti,move,
pajungti,subordinate,
pajuokauti,joke,
pajusti,feel,
pakabinti,hang up,
pakakti,suffice,
pakalbėti,speak,
pakandžioti,bite,
pakarti,hang,
pakartoti,repeat,
pakaustyti,shoe (a horse),
pakeisti,change,
pakeliauti,travel,
pakelti,raise,
pakenkti,harm,
pakentėti,suffer,
pakerėti,enchant,
pakęsti,stand (somebody),
pakilti,take off,
pakirdyti,wake,
pakirsti,undermine,
pakisti,change,
pakišti,tuck,
paklaidinti,lead astray,
paklausyti,listen,
paklausti,ask,
paklysti,get lost,
pakliūti,be caught,
pakloti,lay,
paklusti,obey,
pakontroliuoti,control,
pakoreguoti,adjust,
pakovoti,fight,
pakramtyti,masticate,
pakratyti,shake,
pakrauti,load,
pakrikti,break up,
pakštelėti,peck,
pakuoti,pack,
pakuotis,pack,
pakuždėti,whisper,
pakvailioti,mess around,
pakvėpuoti,breathe,
pakviesti,invite,
pakvieti,invite,
pakvipti,smell,
palaidoti,bury,
palaiduoti,guarantee,
palaikyti,cheer,
palaiminti,bless,
palaistyti,water,
palakstyti,run a little,
palaukti,wait,
palaužti,break,
paleisti,let go,
palengvinti,facilitate,
palenkti,bend,
palenktyniauti,race,
palesti,eat (as a bird),
palydėti,walk (somebody),
paliesti,touch,
palyginti,compare,
palikti,leave,
palinkėti,wish,
palinkti,bend,
palyti,rain (a little bit),
paliudyti,witness,
paliūdyti,witness,
palūkėti,wait,
palūžti,break down,
pamaišyti,mix,
pamaitinti,feed,
pamaloninti,sweeten,
pamanyti,think,
pamąstyti,think,
pamatyti,notice,
pamėgdžioti,mimic,
pamėginti,try,
pamėgti,grow to like,
pameluoti,lie,
pamerkti,ret,
pamesti,lose,
pamiegoti,sleep,
pamylėti,have sex (with somebody),
pamilti,fall in love,
pamyluoti,caress,
paminėti,mention,
paminti,trample,
pamirkyti,soak,
pamiršti,forget,
pamišti,go crazy,
pamokėti,pay (for some extended period of time),
pamokyti,teach,
pamokslauti,preach,
pampti,swell,
panaikinti,eliminate,
panardinti,submerge,
panaudoti,use,
paneigti,deny,
panervinti,annoy,
panešėti,carry (a bit),
panėšėti,carry for a bit,
panešti,carry,
paniekinti,disdain,
panikuoti,panic,
panirti,dive,
paniurti,frown,
panorėti,desire,
papasakoti,tell,
papeikti,reprimand,
papietauti,dine,
papildyti,supplement,
papirkinėti,keep buying off,
papirkti,bribe,
papjauti,slaughter,
paplaukioti,swim,
paplepėti,chat,
paplisti,spread,
paploti,applaud,
paplušėti,work up a sweat,
paprašyti,request,
paprieštarauti,object,
papuošti,decorate,
papusryčiauti,have breakfast,
papūsti,blow,
paragauti,taste,
paraginti,urge,
parašyti,write,
paraudoti,cry,
parbėgti,run back,
pardavinėti,sell,
parduoti,sell,
pareikalauti,require,
pareikšti,assert,
pareiti,come back,
paremti,support,
parengti,prepare,
pargabenti,carry back,
pargriauti,knock down,
pargriūti,tumble,
parimti,lean,
parinkti,choose,
parkristi,fall,
parnešti,carry back,
parodyti,show,
parsidavinėti,sell oneself,
parsinešti,bring (home),
parsisiųsti,download,
parsivesti,bring (somebody) (home),
parsivežti,bring back,
parskristi,fly back,
parūkyti,smoke,
paruošti,prepare,
parūpinti,provide,
parvažiuoti,come back (by vehicle),
parversti,knock down,
parvežti,drive back (somebody or something),
parvykti,come back,
pasakinėti,prompt,
pasakyti,tell,
pasakoti,tell,
pasamdyti,hire,
pasapnuoti,dream,
pasaugoti,watch,
pasėdėti,sit down,
pasekti,follow,
pasenti,become old,
pasėti,seed,
pasiaiškinti,explain,
pasiaukoti,sacrifice oneself,
pasibaigti,finish,
pasibaisėti,be terrified,
pasibelsti,knock,
pasibučiuoti,kiss,
pasidairyti,have a look,
pasidalinti,share,
pasidalyti,share,
pasidaryti,make (something) for oneselfnulūžti,
pasidengti,get covered,
pasidėti,put down,
pasidomėti,inquire,
pasidulkinti,fuck,
pasiduoti,give up,
pasidžiaugti,enjoy,
pasiekti,reach,
pasielgti,act,
pasigailėti,spare,
pasigaminti,cook (for oneself),
pasigauti,catch,
pasigerti,get drunk,
pasigesti,miss,
pasigydyti,be treated,
pasiginčyti,argue,
pasigirsti,be heard,
pasigirti,boast,
pasigrožėti,admire,
pasiieškoti,look for,
pasiilgsti,miss,
pasiilgti,miss,
pasiilsėti,take a rest,
pasiimti,take,
pasijaudinti,worry a bit,
pasijausti,feel,
pasijuokti,laugh,
pasijusti,feel,
pasikalbėti,have a conversation,
pasikarti,hang oneself,
pasikartoti,recur,
pasikeisti,change,
pasikelti,rise,
pasikiškiakopūstėliauti,ick wood sorrels,
pasiklausyti,listen,
pasikliauti,rely,
pasiklysti,lose one's way,
pasikonsultuoti,consult,
pasikviesti,invite,
pasilabinti,greet,
pasilaikyti,keep for oneself,
pasilenkti,bend,
pasilikti,stay,
pasilinksminti,have fun,
pasimankštinti,exercise,
pasimatyti,see each other,
pasimatuoti,try on,
pasimėgauti,enjoy,
pasimelsti,pray,
pasimesti,get lost,
pasimylėti,have sex,
pasimokyti,learn,
pasinaudoti,use,
pasinerti,dive,
pasinervinti,be nervous,
pasipasakoti,tell one's story,
pasipelnyti,profit,
pasipiršti,propose,
pasipraktikuoti,practice,
pasipriešinti,resist,
pasipuošti,dress up,
pasirašyti,sign,
pasireikšti,appear,
pasiremti,rely,
pasirengti,get ready,
pasirinkti,choose,
pasiryžti,set out,
pasirodyti,appear,
pasiruošti,prepare,
pasirūpinti,take care (of something),
pasisakyti,speak up,
pasisaugoti,beware,
pasisavinti,appropriate,
pasisekti,succeed,
pasisiūlyti,offer oneself,
pasiskaityti,read,
pasiskirstyti,divide up,
pasiskolinti,borrow,
pasiskųsti,complain,
pasislėpti,hide,
pasismaginti,amuse oneself,
pasisotinti,sate,
pasistatyti,build,
pasistengti,make an effort,
pasistiebti,stand on tiptoe,
pasisukti,turn,
pasisveikinti,greet,
pasišaipyti,mock,
pasišalinti,retire,
pasišauti,decide to do,
pasišnekėti,converse,
pasišvaistyti,throw around,
pasišviesti,light (the way or object) for oneself,
pasitaikyti,occur,
pasitaisyti,improve,
pasitarnauti,be of service,
pasitarti,consult,
pasiteirauti,inquire,
pasiteisinti,justify,
pasitenkinti,pleasure oneself,
pasitenkti,pleasure oneself,
pasitikėti,trust,
pasitikrinti,check,
pasitikti,meet,
pasitraukti,withdraw,
pasitreniruoti,to practice,
pasiülyti,offer,
pasiūlyti,offer,
pasiųsti,dispatch,
pasiūti,sew,
pasivadinti,call oneself,
pasivaikščioti,take a walk,
pasivaikšoti,take a walk,
pasivaišinti,partake,
pasivažinėti,have a ride,
pasivyti,catch up,
pasivogti,steal,
pasižadėti,pledge,
pasižymėti,characterize,
pasižiūrėti,see,
pasižmonėti,go out to mingle,
pasižvalgyti,take a look,
paskaičiuoti,calculate,
paskaitinėti,read occasionally,
paskaityti,read,
paskambinti,call,
paskandinti,drown,
paskaninti,flavor,
paskatinti,motivate,
paskelbti,announce,
paskersti,slaughter,
paskęsti,sink,
paskirstyti,distribute,
paskirti,dedicate,
paskleisti,spread,
pasklisti,spread,
paskolinti,lend,
paskraidyti,fly,
paskubėti,hurry,
paskubinti,hurry up,
paslėpti,hide (something),
paslidinėti,ski (a bit),
paslysti,slip,
pasmaugti,stroke,
pasmerkti,condemn,
pasnausti,snooze,
pasninkauti,fast,
pasodinti,plant,
pasotinti,sate,
paspausti,press,
paspirti,kick over,
pasprukti,slip out,
pastatyti,build,
pastebėti,notice,
pasterizuoti,pasteurize,
pastipti,croak,
pastoti,get pregnant,
pastovėti,stand,
pastumti,push,
pasukti,turn,
pasuoti,pass,
pasvajoti,dream,
pasvarstyti,consider,
pasveikinti,greet,
pasveikti,get well,
pasverti,weigh,
pašalinti,remove,
pašaukti,call,
pašauti,pip,
pašėlti,go mad,
pašildyti,heat,
pašluoti,sweep a bit,
pašnekėti,have a talk,
pašnipinėti,spy,
pašokti,jump up,
pašventinti,sanctify,
pašvęsti,sanctify,
pašviesėti,lighten,
pašviesinti,lighten up,
pataikauti,toady,
pataikyti,hit (the target),
pataisyti,repair,
patalpinti,place,
patapti,become,
patarinėti,advise,
patarnauti,serve,
patarti,advise,
pataupyti,save,
pateikti,supply,
pateisinti,justify,
patekti,get into,
patenkinti,please,
patepti,anoint,
patiekti,supply,
patiesti,strech,
patikėti,trust (something to somebody),
patikinti,assure,
patikrinti,control,
patikslinti,specify,
patikti,be liked,
patylėti,be silent,
patinti,swell,
patirti,experience,
patobulėti,become more perfect,
patobulinti,improve,
patraukti,pull,
patrepsėti,tramp,
patrinti,scratch,
patrukdyti,disturb,
patrūkti,break,
patruliuoti,patrol,
patrumpinti,shorten,
patvarkyti,put in order,
patvinti,flood,
patvirtinti,confirm,
paūmėti,become acute,
pauosti,smell,
pauostyti,smell,
pavadinti,label,
pavadovauti,lead,
pavaduoti,substitute,
pavaidinti,act,
pavairuoti,drive,
pavaišinti,treat,
pavaizduoti,represent,
pavakarieniauti,have supper,
pavalgyti,eat,
pavargti,get tired,
pavaryti,expel,
pavartoti,use,
pavasarėti,turn spring,
paveikti,influence,
paveldėti,inherit,
pavėluoti,be late,
pavergti,enslave,
paverkti,cry,
paversti,turn into,
pavesti,let down,
pavėžėti,drive,
pavežėti,give a lift,
pavežioti,give a ride (around some place),
pavežti,drive (somebody to somewhere),
pavydėti,envy,
pavyduliauti,be jealous,
pavykti,be successful,
pavirsti,turn into,
pavirti,boil (a bit),
pavyti,catch up,
pavogti,steal,
pažaboti,curb,
pažadeti,promise,
pažadėti,promise,
pažadinti,awake,
pažaisti,play,
pažeidinėti,break,
pažeisti,impinge,
pažeminti,lower,
pažengti,advance,
paženklinti,mark,
pažymėti,remark,
pažinoti,be acquainted with,
pažinti,know (somebody),
pažįsti,suckle,
pažiūrėti,watch,
pažvejoti,fish,
pažvelgti,glance,
pėdinti,pad along,
peikti,reprehend,
pelnyti,earn,
pelnytis,profit,
peraugti,overgrow,
perbėgti,run across,
perbraukti,stroke,
perdaryti,makeover,
perdažyti,repaint,
perdėti,overstate,
perdirbti,work again,
perduoti,hand over,
perdurti,impale,
pereiti,traverse,
pergalvoti,reconsider,
pergyventi,live longer than somebody,
pergudrauti,outwit,
perimti,overtake,
perjungti,turn (e.g. the channel),
perkalbėti,overpersuade,
perkalti,mint through,
perkąsti,bite,
perkeisti,switch,
perkelti,transfer,
perkirsti,cut,
perkišti,reinsert,
perklausyti,listen again,
perkopti,exceed,
perlaikyti,retake,
perlaužti,break,
perleisti,transfer,
perlinkti,lean over,
perlipti,climb over,
permainyti,transfigure,
permąstyti,rethink,
permesti,throw over,
permiegoti,sleep,
permokėti,overpay,
permontuoti,disassemble,
pernakvoti,sleep over,
pernešti,transfer,
perpildyti,overcrowd,
perpirkinėti,keep buying away,
perpirkti,buy away,
perpjauti,cut,
perplaukti,swim across,
perprasti,grasp,
perrašyti,rewrite,
perregėgti,see through,
perrengti,change (somebody's) clothes,
perrinkti,re-elect,
persakyti,retell,
persekioti,prosecute,
persėsti,transfer,
persidirbti,work too much,
persiėsti,overeat,
persigalvoti,change ones mind,
persigerti,guzzle,
persigrupuoti,regroup,
persikelti,move,
persikraustyti,move,
persikrauti,reboot,
persimesti,move (to another side),
persimiegoti,sleep too much,
persimokyti,overstudy,
persirašyti,write too much,
persirengti,change (clothes),
persirgti,have had been ill (with something),
persiskaityti,read,
persiųsti,forward,
persivaišinti,eat too much,
persivalgyti,eat too much,
persivogti,steal too much,
perskaityti,read through,
perskambinti,call again,
perskelti,split,
perspėti,warn,
perspjauti,outspit,
perstatyti,reconstruct,
persti,fart,
persvarstyti,revise,
persverti,overbalance,
peršalti,get cold,
peršauti,shoot,
peršlapti,get drenched,
peršokti,hop,
perteikti,convey,
perti,flog,
pertikrinti,recheck,
pertraukti,interrupt,
pertrenkti,smash,
pertvarkyti,transform,
pervaišinti,treat too much,
pervargti,fatigue,
pervažiuoti,drive over,
perversti,skim,
perverti,pierce,
pervesti,transfer (money),
pervežti,transport,
peržengti,trespass,
peržiūrėti,view,
peržiūrinėti,browse,
peržvelgti,look through,
pešioti,pluck,
pešti,pluck,
peštis,scrimmage,
piesti,expand,
piešti,paint,
pietauti,dine,
pigti,fall in price,
pykdyti,anger,
pykinti,sicken,
pykti,be angry,
piktinti,make angry,
pyktis,quarrel,
piktnaudžiauti,abuse,
pildyti,fill,
pildytis,fill up,
pilkuoti,show gray,
pilti,pour,
piltis,pour (to oneself),
pinti,weave,
pypsėti,peep,
pypsinti,honk,
piratauti,pirate,
pirkinėti,keep buying,
pirkti,buy,
pirktis,buy for oneself,
pirmauti,lead,
pirstelėti,fart,
piršti,press upon,
pirštis,propose,
pisti,fuck,
pistis,fuck,
pyškėti,pop,
pišti,soot up,
pjaustyti,cut,
pjauti,cut (with a knife),
plakti,whip,
plaktis,whip oneself,
planiruoti,glide,
planuoti,plan,
plasnoti,flap,
platinti,disseminate,
plaukioti,swim (often),
plaukyti,swim arond,
plaukti,swim,
plauti,wash,
plautis,wash,
pleiskanoti,flake off,
plepėti,chat,
plėpėti,chatter,
plėsti,expand,
plėstis,expand,
plėšikauti,loot,
plėšyti,tear apart,
plėšytis,tear oneself into pieces,
pleškėti,burn down,
plėšti,tear,
plėtoti,develop,
pleventi,flutter,
plevėsuoti,wave,
pliaukšti,drivel,
plikyti,scald,
plisti,spread,
plyšoti,bawl,
plyšti,split,
pliumptelėti,splash,
pliurpti,slurp,
plonėti,become thinner,
ploti,clap,
plūduriuoti,float,
plukdyti,transport by water,
plūktis,moil,
plūsti,flow,
plūstis,reprimand,
plušti,toil,
poilsiauti,be on holidays,
pokštauti,joke,
pokštelėti,pop,
pompuoti,pump,
populiarėti,become popular,
posėdžiauti,have a meeting,
pozuoti,pose,
prabėgti,pass by running,
prabildėti,rumble through,
prabilti,start speaking,
prabusti,awaken,
pradėti,begin,
pradingti,vanish,
pradirbti,work,
pradžiuginti,gladden,
pradžiūti,dry a bit,
praeiti,pass,
pragerti,lose (something) because of drinking,
pragysti,begin to sing,
pragyventi,survive,
pragręžti,drill,
prailginti,lengthen,
prajuokinti,make (somebody) laugh,
prakaituoti,sweat,
prakeikti,curse,
prakiurdyti,hole,
praklišinti,miss,
praktikuoti,practise,
pralaimėti,lose,
pralaukti,wait,
praleidinėti,skip (often or repeatedly),
praleisti,spend (time),
pralenkti,overtake,
pralieti,shed,
pralinksmėti,brighten up,
pralinksminti,amuse,
pralįsti,squeeze through,
pralošti,lose,
pramanyti,make up,
pramankštinti,headed to,
pramesti,miss a shot,
pramiegoti,oversleep,
pramigti,sleep through,
pramogauti,have fun,
pramokti,learn,
pramušti,punch,
pranašauti,foretell,
pranešti,inform,
pranykti,disappear,
prankyti,vanish,
pranokti,surpass,
praplatinti,widen,
praplėsti,expand,
prapulti,vanish,
prarasti,lose,
praretinti,make scarce,
praryti,swallow,
prasapnuoti,dream through,
prasiblaškyti,divert oneself,
prasibrauti,make one's way,
prasibusti,wake up,
prasidėti,begin,
prasidirbti,start going better,
prasidurti,pierce,
prasigerti,become alcoholic,
prasilenkti,pass,
prasimušti,make a breakthrough,
prasinervinti,be nervous,
prasiskolinti,become indebted,
prasiskverbti,penetrate,
prasitarti,blurt,
prasivaišinti,be treated,
prasivalyti,clean up,
prasivogti,become a thief,
praskaidrinti,brighten,
praskaityti,miss (by reading),
praskleisti,reveal,
praskolinti,lend away,
praslysti,slip,
prasmukti,get in,
prastėti,become worse,
prašauti,miss (a target),
prašyti,ask,
prašytis,ask (something for oneself),
prašokti,excel,
prašvilpti,waste (money),
pratarti,utter,
pratęsti,extend,
pratinti,habitutate (somebody),
pratintis,get used,
praturtėti,get rich,
praturtinti,enrich,
prausti,wash,
praustis,wash oneself,
pravaišinti,treat away,
pravalgyti,eat,
pravažiuoti,drive by,
praversti,come in handy,
pravesti,conduct,
pravirkti,begin crying,
pražydėti,effloresce,
pražilti,turn gray,
pražysti,blossom out,
pražudyti,ruin,
pražūti,disappear,
prekiauti,trade,
prenumeruoti,subscribe,
priartėti,approach,
priartinti,approximate,
priauginti,grow,
priaugti,grow,
pribaigti,finish off,
pribėgti,approach by running,
priblokšti,overwhelm,
pričiupti,catch,
pridaryti,cause,
pridengti,cover,
priderinti,adjust,
pridėti,add,
pridirbti,cause trouble,
priduoti,drop off,
pridurti,add,
prieiti,approach,
priekaištauti,reproach,
priešgyniauti,quarrel,
priešinti,contrast,
priešintis,resist,
prieštarauti,contradict,
prievartauti,rape,
prigalvoti,think of,
prigaminti,cook,
prigauti,catch,
prigerti,drown,
prigirdėti,hear barely,
priglausti,shelter,
priglusti,move close,
prigriebti,catch,
prigulti,lie down,
priimti,accept,
prijaukinti,tame,
prijausti,sympathize,
prijungti,attach,
prikaišioti,reprove,
prikalti,nail,
prikelti,raise,
prikimšti,stuff,
priklaupti,kneel,
priklausyti,belong,
priklijuoti,stick,
prilaikyti,hold,
prilygti,compare,
prilipdyti,stick,
primąstyti,think up,
primatuoti,measure (a lot of something),
priminti,remind,
primokėti,pay extra,
prinervinti,annoy,
prinešti,bring in (a lot of things),
prinokti,ripen,
pripažinti,admit,
pripildyti,fill up,
pripilti,pour full,
pripiršti,match,
priprasti,get used (to something),
priraginti,nudge,
prirašyti,subjoin,
prireikti,become needed,
priremti,nail down,
pririnkti,gather,
pririšti,tie,
prisapnuoti,dream up,
prisegti,shut,
prisėsti,sit down,
prisiartinti,approach,
prisibučioti,kiss sufficiently,
prisidengti,cover,
prisiderinti,adjust,
prisidėti,contribute,
prisidirbti,cause trouble for oneself,
prisidurti,earn extra,
prisiekti,swear,
prisigalvoti,think up (for oneself),
prisigerti,get drunk,
prisiglausti,take shelter,
prisiimti,assume (responsibility),
prisijaukinti,tame,
prisijungti,join,
prisikabinti,attach oneself,
prisikelti,rise,
prisilaikyti,hold on,
prisiliesti,touch,
prisimąstyti,think up,
prisimatuoti,try on (a lot of clothes),
prisimiegoti,sleep,
prisiminti,remember,
prisimokėti,pay,
prisinervinti,be nervous,
prisipažinti,confess,
prisipirkti,buy,
prisiraginti,nudge succesfully,
prisirašyti,sign up,
prisiregistruoti,register oneself,
prisisapnuoti,dream up,
prisisavinti,appropriate,
prisisegti,fasten,
prisiskaityti,read extensively,
prisiskambinti,reach (by calling),
prisiskolinti,borrow extensively,
prisislinkti,move near,
prisistatyti,introduce oneself,
prisišvartuoti,moor,
prisitaikyti,adapt,
prisiteisti,receive for damages in court,
prisivaišinti,eat extensively,
prisiversti,bring oneself,
prisivogti,steal extensively,
priskaityti,read extensively,
priskinti,pluck,
priskirti,assign,
priskolinti,lend extensively,
prislėgti,upset,
prispausti,press down,
prispirti,compel,
pristabdyti,decelerate,
pristatyti,deliver,
pristoti,pester,
prisvilinti,sear,
prišokti,jump,
pritaikyti,adapt (something),
pritapti,fit in,
pritarti,agree,
priteisti,award,
pritikrinti,check,
pritildyti,silence,
pritraukti,attract,
pritrūkti,lack,
pritvirtinti,attach,
privaišinti,treat,
privalėti,have to,
privalgyti,eat a lot,
privažiuoti,drive by,
priversti,force,
priverti,trap (with a door),
privesti,force,
privet,half-close,
privilioti,attract,
privirti,boil,
privogti,steal,
prižadėti,promise,
prižiureti,oversee,
prižiūrėti,oversee,
prognozuoti,prognose,
programuoti,code,
protestuoti,protest,
puikuotis,flaunt,
pūkšti,groan,
puldinėti,attack,
pūliuoti,fester,
pulsuoti,pulsate,
pulti,attack,
pumpuoti,pump,
puoselėti,foster,
puošti,decorate,
puoštis,decorate oneself,
purenti,hoe,
purkšti,spray,
purti,bristle,
purtyti,shake,
purtytis,shake,
purvinti,soil,
pūsti,blow,
pūstis,bulge,
pustyti,whet,
pūškuoti,wade through,
pūti,mold,
putoti,lather,
ragauti,taste,
raginti,instigate,
raiyti,curl,
raikyti,slice,
raityti,curl,
raitytis,writhe,
raitoti,pull up sleaves,
raitotis,pull up ones sleaves,
raižioti,etch (multiple times),
raižyti,etch,
rakinti,lock,
raminti,calm,
ramintis,calm down,
ramstytis,lean on,
rangyti,wreathe,
rangytis,coil,
rankyti,pick,
raportuoti,give a report,
rasoti,steam,
rasti,find,
rastis,appear,
rašinėti,keep writing,
rašyti,write,
rašytis,make notes,
ratavoti,help,
raudonėti,become red,
raudoninti,make red,
raudonuoti,blush,
raudoti,weep,
rauginti,pickle,
raugti,ferment,
raukšlėti,crease,
raukšlėtis,wrinkle,
raukti,pucker,
rausti,blush,
raustis,grub,
rausvinti,turn (something) more red,
rauti,root out,
rąžytis,stretch,
reaguoti,react,
realizuoti,realize,
redaguoti,edit,
regėti,see,
registruoti,register (somebody or something),
registruotis,register,
regulioti,regulate,
reguliuoti,regulate,
regzti,weave,
reikalauti,demand,
reikėti,be needed,
reikšti,mean,
reikštis,appear,
reikti,be needed,
rėkauti,whoop,
reklamuoti,advertise,
reklamuotis,advertise,
rekomenduoti,recommend,
rekonstruoti,reconstruct,
rėkti,scream,
remontuoti,repair,
remti,support,
remtis,rest upon,
rengti,clothe,
rengtis,get dressed,
repečkoti,scramble,
repetuoti,rehearse,
restauruoti,restore,
ręsti,build,
retinti,make scarce,
revizuoti,inspect,
rezervuoti,make a reservation,
rezervuotis,reserve for oneself,
režisuoti,direct (a movie),
rėžyti,cut into pieces,
rėžti,engrave,
riaumoti,roar,
riboti,limit,
ridenti,roll,
ridėti,roll,
riebinti,make fatter,
riedėti,roll,
riekti,slice,
riesti,warp,
riestis,curve,
rieti,attack,
rietis,wrangle,
rikiuoti,sort,
rikiuotis,line up,
rimuoti,rhyme,
rimuotis,rhyme,
rinkti,collect,
rinktis,come together,
risnoti,trot,
risti,roll,
ristis,roll,
ryšėti,wear,
ryškėti,become brighter,
rišti,tie,
rištis,tie to oneself,
ryti,devour,
rizikuoti,risk,
ryžtis,set out,
rodyti,show,
rodytis,show up,
rokuotis,converse,
ropoti,crawl,
ropoto,crawl,
rūdyti,rust,
rūgti,sour,
rūkyti,smoke,
rūkti,smoke,
rungtyniauti,rival,
rungtis,contend,
ruošti,prepare,
ruoštis,prepare,
rūpėti,concern,
rūpinti,supply,
rūpintis,care,
rupti,crease,
rusenti,smolder,
rusinti,russify,
rūstauti,be fierce,
rūšiuoti,assort,
sabotuoti,sabotage,
sakinėti,tell (often),
sakyti,say,
samdyti,hire,
sandėliuoti,store,
santykiauti,correlate,
sapnuoti,dream,
sapnuotis,dream,
saugoti,protect,
saugotis,watch out,
savinti,appropriate,
sėdėti,be sitting,
segti,buckle,
segtis,fasten,
seilėtis,dribble,
sekinti,drain,
sekioti,follow,
sekti,follow,
sekti,run low,
sektis,go well,
semti,scoop,
semtis,draw (something out of somewhere),
senti,become old,
sergėti,guard,
sėsti,sit down,
sėstis,sit down,
sėti,seed,
siaurėti,narrow,
siausti,storm,
siautėti,rage,
sidabruoti,silver,
siekti,seek,
sielotis,lament,
sielvartauti,grieve,
sieti,relate,
sietis,be related,
sijoti,sift,
silpnėti,weaken,
silpninti,weaken,
sirgi,be ill,
sirgti,be ill,
sysioti,piss,
siūbtelėti,gush,
siūbtelti,gush,
siūlyti,offer,
siūlytis,offer oneself,
siurbti,suck,
siusti,rage,
siųsti,send,
siųstis,download,
siūti,sew,
siuvinėti,sew,
skabyti,pinch,
skaičiuoti,count,
skaidyti,divide up,
skaityti,read,
skaitytis,reckon,
skalauti,rinse,
skalbti,wash,
skalbtis,wash,
skaldyti,split,
skambėti,ring,
skambinti,call (on the phone),
skanauti,taste,
skandinti,drown,
skandintis,drawn oneself,
skanduoti,chant,
skaninti,flavor,
skatinti,motivate,
skaudėti,hurt,
skaudinti,hurt,
skaudintis,hurt oneself,
skelbti,announce,
skelbtis,advertise oneself,
skelti,cleave,
skenuoti,scan,
skeryčioti,swing,
skersti,slaughter,
skėsčioti,gesticulate,
skęsti,drown,
skėsti,spread,
skiepyti,vaccinate,
skiepytis,vaccinate,
skiesti,dilute,
skilti,split,
skinti,reap,
skirstyti,divide,
skirstytis,disperse,
skirti,separate,
skirtis,divorce,
sklaidyti,scatter,
sklaidytis,disperse,
skleisti,emit,
skleistis,unfold,
sklęsti,glide,
sklisti,spread,
skolinti,lend,
skolintis,borrow,
skraidinti,fly (something or someone),
skraidyti,fly around,
skrepliuoti,spit sputum,
skriausti,wrong (somebody or something),
skrieti,fly,
skristi,fly,
skrosti,dissect,
skrudinti,toast,
skubėti,hurry,
skubinti,hurry,
skubintis,hurry up,
skursti,be poor,
skųsti,inform on somebody,
skusti,pare,
skųstis,complain,
skustis,shave,
skutinėti,shave occasionally,
slankinti,slink,
slankioti,saunter,
slapstyti,hide repeatedly,
slaugyti,nurse,
slėgti,pressurize,
slėpti,hide,
slėptis,hide oneself,
slidinėti,ski,
slinkti,scroll,
slinktis,slide,
slypėti,lie,
slystelėti,slip,
slysti,slip,
sloguoti,get cold,
slopinti,inhibit,
slūgti,subside,
smaguriauti,have a sweet tooth,
smaigyti,stick,
smaigstyti,peg,
smaližiauti,have a sweet tooth,
smaugti,stroke,
smaukyti,masturbate,
smaukti,pull up,
smeigti,thrust,
smerkti,condemn,
smigti,stick into something,
smirdėti,stink,
smogti,punch,
smūgiuoti,shoot,
smukdyti,degrade,
smukti,slip down,
smulkinti,crush,
snausti,slumber,
snerkšti,snort,
snieguoti,make (something) snowy,
snigti,snow,
sodinti,plant,
sotinti,sate,
spardyti,kick,
spardytis,buck,
spartinti,speed up,
spausdinti,print,
spausti,click,
spėlioti,guess,
spęsti,trap (a trap),
spęstis,gather in one place,
spėti,make it (in time),
spiegti,scream,
spygauti,scream,
spindėti,shine,
spinduliuoti,radiate,
spirti,kick,
spisti,surround,
spjaudyti,spit,
spjauti,spit,
spoksoti,stare,
sportuoti,do sports,
spragsėti,snap,
spragtelėti,click,
spraigyti,jump up and down repeatedly,
spraustis,squeeze,
spręsti,solve,
spręstis,solve oneself,
sprigtelėti,flick,
springti,choke,
sprogdinti,detonate,
sprogti,explode,
sprukti,flee,
spustelėti,click,
srėbti,slurp,
sriuobti,slurp,
stabdyti,brake,
stambėti,become larger,
stambinti,increase the size,
statyti,build,
statytis,build (for oneself),
staugti,howl,
stebėti,observe,
stebėtis,marvel,
stebinti,surprise,
steigti,found,
steigtis,be found (for a company),
stenėti,moan,
stengtis,endeavor,
stiebtis,stand on tiptoe,
stigti,lack,
stingti,freeze,
stiprėti,become strong,
stiprinti,strengthen,
stypsoti,stand on legs,
stipti,die,
stirksoti,stick out,
styroti,stick out,
stodinėti,make frequent stops,
stokoti,lack,
storėti,fatten,
storinti,thicken,
stoti,stand up,
stotis,stand up,
stovėti,be standing,
stovyklauti,camp,
stovinėti,make frequent stops,
stoviniuoti,lurk,
streikuoti,go on strike,
stresuoti,be stressed out,
strikinėti,jump up and down repeatedly,
strykinėti,jump up and down repeatedly,
stryktelėti,jump up,
studentauti,live a student's life,
studijuoti,study,
stulbinti,astonish,
stumdytis,jostle,
stūmėti,push,
stumtelėti,nudge,
stumti,push,
stverti,grab,
suabejoti,doubt,
suaktyvėti,spur,
suapvalinti,round,
suardyti,disassemble,
suaugti,grow up,
subalansuoti,balance,
subankrutuoti,go bankrupt,
subėgti,run all (to the same place),
subjurti,get ugly,
sublogti,lose weight,
subombarduoti,bomb,
subraižyti,scratch,
subrandinti,mature,
suburti,bring together,
sučiupti,grab,
sudaiktavardėti,become a noun,
sudalyvauti,participate,
sudaryti,compose,
sudaužyti,crash,
sudeginti,burn,
sudegti,burn,
sudėlioti,arrange,
suderėti,negotiate successfully,
suderinti,arrange,
sudėti,add,
sudirbti,damage,
sudirgti,moisten,
sūdyti,salt,
sudominti,interest,
sudraskyti,tear up,
sudrebėti,shake,
suduoti,hit,
sudurti,put together,
sudužti,shatter,
sudžiūti,dry up,
sueikvoti,waste out,
sueiti,come together,
suėsti,gobble up,
suformuluoti,formulate,
suformuoti,form,
sugadinti,ruin,
sugaišti,waste time,
sugalvoti,think out,
sugaudyti,catch,
sugauti,catch,
sugebėti,be capable,
sugėdinti,shame,
sugerti,soak,
sugesti,get broken,
sugyventi,get along,
suglausti,tighten,
sugležti,become weak,
sugniuždyti,crush,
sugrąžinti,return,
sugriauti,destroy,
sugriūti,collapse,
sugrįžti,come back,
sugulti,lie together,
suieškoti,find,
suimti,arrest,
suinteresuoti,interest,
suirzti,get irritated,
sujaudinti,excite,
sujaukti,mess,
sujudėti,move slightly,
sujudinti,stir up,
sujungti,connect,
sukaisti,get into a sweat,
sukakti,turn,
sukalti,knock up,
sukapoti,chop,
sukarti,shuttle,
sukaupti,accumulate,
sukaustyti,immobilize,
sukčiauti,cheat,
sukeisti,switch,
sukelti,cause,
sukilti,uprise,
sukinėti,twirl,
sukinėtis,twirl,
sukiotis,whirl,
sukirsti,chop up,
suklaidinti,mislead,
suklastoti,tamper,
suklestėti,prosper,
suklysti,make a mistake,
sukliudyti,prevent,
suklupti,stumble,
suklusti,listen up,
suknežinti,crush,
suknežti,become dashed to pieces,
suknisti,screw up,
sukonstruoti,construct,
sukontroliuoti,to control,
sukrauti,pile,
sukrėsti,shock,
suktelėti,turn slightly,
sukti,turn,
suktis,turn,
sukulti,whack,
sukurti,create,
sukviesti,call,
sulaikyti,detain,
sulankstyti,fold,
sulaukti,wait up to (something),
sulaužyti,break,
suleisti,inject,
sulenkti,fold,
sulėtinti,slow down,
sulydyti,fuse,
suliesėti,lose weight,
sulyginti,compare,
sulinkti,bend down,
sulipti,"sulimpa""",stick together
sulipti,board,
sulįsti,get in,
sulysti,lose weight,
suluošinti,cripple,
sulūžti,break,
sumaišyti,mix,
sumalti,ground,
sumanyti,conceive,
sumąstyti,think up (for oneself),
sumauti,screw up,
sumažėti,decrease,
sumažinti,reduce,
sumedžioti,hunt down,
sumenkinti,diminish,
sumesti,throw in a heap,
sumigti,fall asleep,
sumišti,become confused,
sumokėti,pay,
sumušti,beat up,
sunaikinti,destroy,
sunaudoti,consume,
sunerimti,get worried,
sunervinti,irritate,
sunykti,disappear,
sunkėti,become heavier,
sunkinti,aggravate,
sunkti,drain,
sunokti,ripen,
suokti,jug,
suorganizuoti,organize,
supainioti,confuse,
supakuoti,pack,
supančioti,hobble,
supažindinti,introduce,
supykdyti,anger,
supykti,get angry,
supilti,pour,
supinti,entangle,
supirkinėti,buy up,
supirkti,buy up,
supisti,fuck (something) up,
supjaustyti,cut into pieces,
suplakti,shake up,
suplanuoti,plan,
suplauti,wash,
suplėšyti,tear up,
supleškėti,burn,
suplonėti,attenuate,
suporuoti,couple,
suprastėti,become worse,
suprasti,understand,
supriešinti,turn (some people) hostile to each other,
suprogramuoti,code,
supti,surround,
suptis,swing,
supuonoti,presuppose,
sūpuoti,rock,
supūti,rot,
surakinti,handcuff,
surasti,find,
surašyti,write down,
sureaguoti,react,
sureguliuoti,adjust,
suregzti,contrive (a plan),
sureikšminti,attach significance,
suremontuoti,fix,
surengti,organize,
surikti,scream,
surinkti,gather,
surišti,tie,
surūdyti,get rusty,
surūkyti,smoke,
suruošti,prepare,
susapnuoti,dream up,
susekti,trace,
susenti,get old,
susėsti,sit down,
susiburti,gather up,
susidarinėti,form (frequently),
susidaryti,form,
susidaužyti,smash,
susidėlioti,arrange,
susidėti,consist,
susidomėti,become interested,
susidoroti,cope,
susidragauti,become friends,
susidraugauti,befriend,
susidubliuoti,duplicate,
susidurti,face,
susiekti,contact,
susieti,relate,
susigadinti,damage (for oneself),
susigalvoti,think up,
susigaudyti,understand,
susigerti,sop,
susigiminiuoti,become relatives,
susiginčyti,quarrel,
susiglausti,snuggle up,
susigraudinti,be touched,
susigrąžinti,get (something) back,
susigriebti,start trying to perform better,
susigundyti,be tempted,
susigūžti,crouch,
susiimti,get one's things together,
susijaudinti,become excited,
susijungti,fuse,
susikalbėti,communicate,
susikaupti,concentrate,
susikauti,fight,
susikeisti,interchange,
susikirsti,intersect,
susikišti,tucks,
susiklosyti,turn out,
susikoncentruoti,concentrate (something),
susikrauti,pack,
susikurti,create oneself,
susilaikyti,abstain,
susilaukti,bear (e.g. a child),
susilaužyti,break,
susilažinti,wager,
susiliesti,adjoin,
susilieti,blend,
susilpninti,weaken,
susimąstyti,ponder,
susimauti,screw up,
susimilti,do something out of pity,
susimokėti,pay,
susimušti,get into a fight,
susinaikinti,self-destruct,
susinervinti,get irritated,
susiorganizuoti,organize (for oneself),
susipainioti,get confused,
susipažinti,get acquainted,
susipykti,fall out,
susipinti,get entangled,
susiprasti,come to one's senses,
susiprotėti,come to ones senses,
susirasti,find,
susirašinėti,communicate by mail,
susirašyti,keep in touch,
susiraukšlėti,get wrinkly,
susiremti,encounter,
susirengti,prepare,
susirgti,become ill,
susirinkti,gather,
susiruošti,get ready,
susirūpinti,be conderned,
susisiekti,contact,
susisieti,become related,
susisukti,kink,
susišukuoti,comb one's hair,
susitaikyti,reconcile,
susitarti,agree,
susitaupyti,save up,
susitelkti,concentrate,
susitepti,smear,
susitikinėti,date,
susitikiti,meet,
susitikrinti,check,
susitikti,meet up,
susitraukti,contract,
susituokti,get married,
susitvarkyti,clean up,
susiūti,sew,
susivienyti,unite,
susivokti,comprehend,
susižadėti,get engaged,
susižaloti,harm oneself,
susižavėti,admire,
susižeisti,injure oneself,
susižieduoti,engage,
suskaičiuoti,count,
suskaldyti,split (into pieces),
suskambėti,ring,
suskilti,crack,
suskirstyti,categorize,
susmulkinti,pulverize,
susodinti,seat,
suspausti,compress,
suspėti,make it in time,
suspindėti,shine,
susprogdinti,detonate,
susprogti,explode,
sustabdyti,brake,
sustatyti,put together,
sustingti,stagnate,
sustiprėti,become strong,
sustiprinti,strengthen,
sustorėti,fatten,
sustoti,stop,
susukti,twist,
sušaldyti,freeze,
sušalti,freeze,
sušaudyti,fusillade,
sušaukti,convene,
sušerti,feed,
sušikti,screw (things) up,
sušildyti,warm,
sušilti,warm up,
sušlapti,get wet,
sušokti,dance,
sušukti,shout,
sušukuoti,comb,
sušveisti,eat,
sušvelninti,mitigate,
sutaikinti,reconcile,
sutaikyti,reconcile,
sutaisyti,correct,
sutapti,overlap,
sutarti,agree,
sutaupyti,save,
suteikti,provide,
sutelkti,mass,
sutepti,soil,
sutikrinti,check,
sutikti,meet (somebody),
sutilpti,fit,
sutinti,swell,
sutirpdyti,fuse,
sutirpti,thaw,
sutraiškyti,crush,
sutramdyti,tame,
sutraukti,shrink,
sutrenkti,strike,
sutrikdyti,disturb,
sutrikti,get confused,
sutrinti,squash,
sutriuškinti,smash,
sutrukdyti,prevent,
sutrumpėti,shorten,
sutrumpinti,shorten,
sutrupinti,break into pieces,
sutukuoti,marry,
sutuokti,marry,
sutvarkyti,fix,
sutverti,created for the,
sutvirtinti,strengthen,
suvaidinti,act,
suvaldyti,control,
suvalgyti,eat up,
suvargti,be tired out,
suvaryti,whip in,
suvaržyti,constrain,
suvažinėti,run over,
suvedžioti,seduce,
suveikti,obtain (something for somebody),
suversti,shift,
suvesti,enter in,
suvienyti,unite,
suvienodėti,become similar,
suvienodinti,make uniform,
suvilioti,seduce,
suvynioti,wrap,
suvirinti,weld,
suvirti,boil,
suvisuomeninti,socialize,
suvokti,perceive,
sužadinti,excite,
sužaisti,play,
sužaloti,hurt,
sužavėti,captivate,
sužeisti,hurt,
sužibėti,shine,
sužybsėti,flash,
sužinoti,find out,
sužysti,blossom out,
sužlugdyti,ruin,
svaidyti,throw,
svaigti,feel dizzy,
svajoti,dream,
svarstyti,discuss,
svečiuotis,visit,
sveikinti,congratulate,
sveikintis,greet,
sveikti,recover,
sverti,weigh,
sviesti,fling,
svilinti,sear,
svilti,become frayed,
svirti,decline,
svyruoti,fluctuate,
šaipytis,mock,
šaldyti,freeze,
šalinti,remove,
šalti,freeze,
šantažuoti,blackmail,
šaudyti,shoot,
šaukti,yell,
šauktis,call,
šauti,shoot,
šeimininkauti,keep house,
šėlioti,rampage,
šėlti,rampage,
šerkšnyti,rime,
šerti,feed,
šiaušti,bristle,
šiauštis,bristle,
šieptis,grin,
šieti,run a splinter,
šykštėti,stint,
šikti,shit,
šildyti,heat,
šildytis,bask,
šilti,get warmer,
šypsotis,smile,
šyptelėti,smile,
širsti,be angry,
šiurkšti,rough,
šlamėti,murmur,
šlapinti,wet,
šlapintis,urinate,
šlapti,damp,
šlempinti,walk slowly,
šlepsėti,shuffle,
šliaužti,crawl,
šlieti,adjoin,
šlovinti,glorify,
šluostyti,wipe,
šluostytis,wipe,
šluoti,sweep,
šmeižti,slander,
šnabždėti,whisper,
šnekėti,speak,
šnekėtis,talk,
šnekinti,engage in conversation,
šnektelėti,have a word,
šnektelti,have a small talk,
šnekučiuotis,converse,
šnerpšti,snort,
šnibždėti,whisper,
šniypšti,blow (ones nose),
šniokšti,pant,
šnipinėti,spy,
šnypšti,sizzle,
šniukštinėti,snoop,
šokinėti,leap,
šokiruoti,shock,
šokti,dance,
šokuoti,hobble,
šturmuoti,storm,
šūkauti,whoop,
šukuoti,comb,
šukuotis,comb,
šuoliuoti,gallop,
šurmuliuoti,din,
šusti,swelter,
švaistyti,waste,
švarinti,clean,
švartuotis,moor,
šveisti,scrub,
švelninti,mitigate,
šventinti,sanctify,
švesti,celebrate,
švęsti,celebrate,
šviesėti,brighten up,
šviesinti,make lighter,
šviesti,shine,
švilpauti,whistle (a melody),
švilptelėti,whistle (lightly and once),
švilpti,whistle,
švisti,lighten,
švytėti,glow,
švokšti,wheeze,
taikyti,apply,
taikytis,aim,
taisyti,fix,
taisytis,mend,
talpinti,put,
tampyti,twitch,
tampytis,stretch,
tamsėti,darken,
tamsinti,make darker,
tankinti,densify,
tapatinti,bond together,
tapyti,paint,
tapšnoti,tap,
tapti,become,
tardyti,interrogate,
tarkuoti,grate,
tarnauti,serve,
tarpininkauti,mediate,
tarti,pronounce,
tartis,negotiate,
tašyti,ax,
taškyti,splash,
taškytis,splash,
tatuiruoti,tattoo,
taukšti,chatter,
taupyti,save,
tausoti,save,
tebebūti,be (still),
teigti,assert,
teikti,render,
teiktis,deign,
teirautis,inquire,
teisinti,justify,
teisintis,justify oneself,
teisti,judge,
tekėti,flow,
tekinti,grind,
tekti,fell to (somebody),
telkti,collect,
telktis,rally,
temdyti,darken,
tempt,drag,
tempti,drag,
temti,become dark,
tenkinti,fulfill,
tenkintis,satisfy oneself (with something),
tepti,paint,
teptis,lubricate,
teršti,pollute,
tęsti,continue,
tęstis,continue,
testuoti,test,
tėšti,fatten,
težti,become soggy,
tyčiotis,mock,
tiekti,supply,
tiesti,strech,
tikėti,believe,
tikėtis,expect,
tikinti,convince,
tykoti,lurk,
tikrėti,become more real,
tikrinti,check,
tikrintis,check,
tiksėti,tick,
tikšti,splash,
tikti,fit,
tiktis,meet,
tildyti,silence,
tylėti,be silent,
tilpti,fit,
tilti,turn quiet,
timptelėti,give a twitch,
tingėti,be lazy,
tinginiauti,idle,
tingti,become lazy,
tinti,swell,
tyrinėti,explore,
tirpdyti,melt,
tirpti,melt,
tirti,investigate,
tįsoti,extend,
tysoti,sprawl,
tįsti,strech,
tižti,become liquid,
tmepti,stretch,
tobulėti,become more perfect,
tobulinti,improve,
tolti,move away,
traiškyti,crush,
trakštelėti,snap,
traktuoti,treat,
tramdyti,subdue,
trankyti,hit repeatedly,
transliuoti,broadcast,
transportuoti,transport,
tratėti,crack,
traukti,pull,
trauktis,shrink,
traumuoti,traumatize,
tremti,exile,
treniruoti,coach,
treniruotis,train,
trenkti,hit,
trenktis,crash,
trepsėti,tramp,
tręšti,fertilize,
triesti,have diarrhea,
trigubinti,triple,
trikdyti,disturb,
trykšti,squirt,
trikti,become disturbed,
trimituoti,trumpet,
trinti,rub,
trintis,rub,
triukšmauti,make noise,
triumfuoti,triumph,
trokšti,desire,
troškinti,stew,
trukdyti,bother,
trūkti,lack,
trukti,last,
trumpėti,shorten,
trumpinti,truncate,
trupėti,crumble,
trupinti,crumble (something),
tujinti,address informally,
tukti,fatten,
tūnoti,lie,
tuokti,marry,
tuoktis,get married,
tupėti,squat,
tūpti,crouch,
tūptis,duck,
turėti,have,
tursenti,walk with a stoop,
tuštėti,empty,
tušti,swelter,
tuštinti,empty,
tuštintis,take a dump,
tūžti,be enraged,
tvaikti,stink,
tvardyti,repress,
tvarkyti,put in order,
tvarkytis,clean up,
tvarstyti,bandage,
tvenkti,dam,
tverti,fence,
tvertis,grab,
tvykstelėti,flash,
tvinti,flood,
tvyroti,hover,
tvirtėti,cement,
tvirtinti,assert,
tvirtintis,fasten,
ugdyti,develop,
ūkininkauti,farm,
ūkti,hoot,
uogauti,pick berries,
uosti,smell,
uostyti,sniff,
urgzti,growl,
utilizuoti,utilise,
užakti,be blocked,
užantspauduoti,seal,
užauginti,raise (e.g. a child),
užaugti,grow up,
užbaigti,finish,
užbaltinti,make white,
užberti,heap,
užblokuoti,block,
užbukinti,book,
užburti,enchant,
užčiaupti,silence,
užčiuopti,grasp,
uždainuoti,start singing,
uždaryti,close,
uždavinėti,ask,
uždegti,ignite,
uždengti,cover,
užderėti,crop,
uždėti,put,
uždirbti,earn,
uždrausti,forbid,
užduoti,order,
uždusinti,suffocate,
uždusti,suffocate,
užeiti,come in,
užfiksuoti,register,
užgaudinėti,hurt somebody (frequently),
užgaulioti,abuse (somebody) verbally,
užgauti,hurt (somebody),
užgerti,drink (to facilitate swallowing),
užgesinti,put out,
užgesti,die out,
užginčyti,contest,
užgyti,heal,
užgniaužti,suppress,
užgriūti,tumble,
užgrobti,occupy,
užgrūdinti,harden,
užhipnotizuoti,hypnotize,
užimti,occupy,
užjausti,sympathize,
užkabliuoti,hook,
užkalbinti,approach,
užkalti,shut up,
užkariauti,conquer,
užkasti,bury,
užkąsti,have a snack,
užkepti,overbake,
užkimšti,jam,
užkimti,hoarsekimti,
užkirsti,block,
užkliūti,snag,
užkloti,sheet,
užklupti,walk in (on somebody),
užknisti,become boring,
užkopti,climb up,
užkrauti,load,
užkrėsti,infect,
užkurti,start (a vehicle or a fire),
užlaikyti,delay,
užleisti,cede,
užlieti,inundate,
užlipti,climb,
užmaskuoti,disguise,
užmauti,pull on,
užmegzti,establish,
užmerkti,close ones eyes,
užmesti,throw (something) on (something else),
užmigdyti,put to sleep,
užmigti,fall asleep,
užminti,step on something,
užminuoti,mine,
užmiršti,forget,
užmokėti,pay up,
užmušinėti,kill (often or repeatedly),
užmušti,kill,
užnervinti,annoy,
užnešti,carry upstairs,
užpildyti,fill,
užpilti,pour,
užprogramuoti,program,
užpulti,attack,
užpurkšti,spray,
užpūsti,blow out,
užrakinti,lock,
užrašyti,write down,
užregistruoti,register (somebody or something),
užrišti,tie up,
užsakyti,book,
užsegti,zip,
užsibaigti,end,
užsibukinti,book for oneself,
užsibūti,linger,
užsičiaupti,shut up,
užsidaryti,close,
užsidegti,ignite,
užsidėti,put on (a cap,
užsidirbti,earn,
užsigaudinėti,get hurt (frequently),
užsigauti,get hurt,
užsigeisti,desire on a whim,
užsiimti,take up (an activity),
užsikabinti,snag,
užsikloti,cover oneself (with a blanket or so),
užsikrėsti,catch (a disease),
užsiliepsnoti,ignite,
užsilikti,wait behind,
užsimanyti,want on a whim,
užsimaskuoti,camouflage,
užsimauti,pull on,
užsimerkti,"close one""s eyes",
užsimesti,put on quickly,
užsiminti,mention,
užsimiršti,get forgotten,
užsimokėti,repay,
užsimoti,swing,
užsimušti,get killed,
užsipilti,pour,
užsipulti,attack,
užsirašyti,write down,
užsiregistruoti,register oneself,
užsiropšti,perch,
užsirūkyti,smoke,
užsisakinėti,order,
užsisakyti,order,
užsisegti,zip,
užsiskaityti,get counted,
užsispirti,persist,
užsitarnauti,deserve,
užsitęsti,drag on,
užsitikrinti,secure,
užsitrenkti,get locked in,
užsivėlinti,retard,
užsivilkti,put on (a cloth),
užskaityti,count in,
užsklęsti,lock up,
užslėpti,hide,
užsmirsti,stink,
užspringti,choke,
užstatyti,pledge,
užstoti,stand up (for somebody),
užstrigti,get stuck,
užstumti,push,
užsukti,wind,
užšaldyti,freeze,
užtaisyti,load,
užtarti,say a good word (for somebody),
užtekti,be enough,
užteršti,pollute,
ūžti,buzz,
užtiesti,put on,
užtikrinti,assure,
užtikti,come upon,
užtįsti,shoot up,
užtraukti,zip,
užtrenkti,shut down,
užtrukti,last,
užtverti,fence,
užtvindyti,flood,
užuosti,smell,
užvaldyti,lay hold of (something or someone),
užvažiuoti,drive (on something),
užversti,heap,
užverti,close,
užvesti,start (a vehicle),
užvirti,boil,
vadinti,call,
vadintis,be called,
vadovauti,lead,
vadovautis,guide,
vadžioti,walk (somebody),
vagiliauti,pilfer,
vagoti,plough,
vaidinti,act,
vaikyti,chase,
vaikščioti,walk,
vaikštinėti,walk,
vainikuoti,crown,
vaipyti,grimace,
vairuoti,drive,
vaisinti,fertilize,
vaišinti,treat,
vaišintis,feast,
vaizduoti,depict,
vaizduotis,depict oneself,
vakarienauti,have supper,
vakarieniauti,have supper,
valdyti,rule,
valgydinti,feed,
valgyti,eat,
valioti,be able,
valyti,clean,
valytis,clean,
valkatauti,vagabond,
vanoti,flog,
vardinti,enumerate,
vardyti,enumerate,
varginti,haze,
vargintis,bother,
vargti,toil,
varinėti,urge on,
varyti,go,
varstyti,open and close (repeatedly),
vartyti,flip,
vartytis,roll,
vartoti,use,
vartototi,use,
varvėti,drip,
varžyti,constrain,
varžytis,contest,
vasaroti,spend summer,
vaškuoti,wax,
važinėti,go by vehicle (often),
važinėtis,drive around,
važiuoti,go (by vehicle),
veblenti,mutter,
vėdinti,ventilate,
vedžioti,lead,
veidmaniauti,commit hypocrisy,
veikti,do,
veisti,breed,
veistis,breed,
veizėti,look,
vėjuoti,be windy,
vėlinti,delay,
vėlintis,retard,
velti,tangle,
vėluoti,be late,
vemti,vomit,
vengti,avoid,
vergauti,slave,
verkšlenti,whine,
verkti,cry,
verpti,spin,
versti,translate,
verstis,roll over,
vertėjauti,interpret,
vertėti,be worth,
verti,pierce,
vertinti,rate,
vertis,pierce,
veržtis,strive,
vėsti,cool,
vesti,lead,
vestis,bring,
vešėti,thrive,
vežioti,drive (somebody) (often),
vežiotis,carry,
vežti,transport (by vehicle),
vežtis,carry (by vehicle),
viduriuoti,have diarrhea,
vienyti,unite (somebody with somebody else),
vienytis,unite,
vienodinti,make similar,
viešeti,visit,
viešėti,visit,
viešinti,publicize,
viešpatauti,reign,
vykdyti,perform,
vykti,go,
vilioti,lure,
vilkėti,wear,
vilkinti,delay,
vilkti,drag,
vilktis,be dragged,
vilnyti,wave,
vilti,disillusion,
viltis,hope,
vingiuoti,curve,
vynioti,wrap,
vyniotis,roll,
vyptelėti,pull a wry face,
vyrauti,prevail,
virbti,shoot up,
virinti,boil,
virkdyti,make cry,
virpėti,oscillate,
virsti,become,
viršyti,exceed,
virškinti,digest,
virti,boil,
virtis,cook,
vysta,fade,
visti,reproduce,
vysti,wilt,
vystyti,develop,
vystytis,develop,
vyti,banish,
vytis,chase,
vizgėti,wag,
vizginti,wag,
vogti,steal,
vožti,smash,
zirzti,whine,
zysti,hum,
zyzti,hum,
zvimbti,buzz,
žabalti,lose sight,
žadėti,promise,
žadinti,wake,
žagsėti,hiccup,
žaibuoti,flash,
žaisti,play,
žaižaruoti,sparkle,
žalėti,become green,
žalinti,make green,
žaliuoti,show green,
žaloti,harm,
žavėti,charm,
žavėtis,admire,
žeisti,wound,
želti,sprout,
žemėti,sink,
žeminti,humiliate,
žengti,step,
ženklinti,mark,
žėrėti,glow,
žerti,pour,
žiaukčioti,hiccough,
žybėti,glow,
žibėti,shine,
žybsėti,flash,
žydėti,blossom,
žiebti,light,
žiemoti,spend winter,
žiesti,throw (claypots),
žygiuoti,march,
žymėti,mark,
žindyti,suckle,
žingsniuoti,stride,
žinoti,know,
žiojėti,gape,
žioplinėti,mess around,
žiopsoti,gape,
žioruoti,glisten,
žiovauti,yawn,
žirti,strew,
žysti,blossom out,
žįsti,suckle,
žiūrėti,watch,
žiūrinėti,look around,
žlegsėti,squelch,
žlegtelėti,drop (lightly),
žliaugti,stream,
žlibti,become purblind,
žlugdyti,ruin,
žlugti,fail,
žnybti,pinch,
žodžiuoti,reprimand,
žodžiuotis,swear at each other,
žongliruoti,juggle,
žudyti,kill,
žūti,die,
žuvauti,fish,
žvalgyti,prospect,
žvalgytis,look around,
žvangina,rattle,
žvarbėti,chill,
žvarbti,chill,
žvejoti,fish,
žvelgti,glance,
žvengti,snicker,
žviegti,squeal,
žvygauti,squeal repeatedly,
žvilgčioti,cast looks,
žvilgėti,shine,
žvilgtelėti,dart a glance,
